,Dog Name,Tattoo,Gender,Breed,Color,Birthdate,Dam,Sire ,Current Status Date,Status,Region
0,Everest,2E322,Male,LR,Y,2022-09-12,Locket - 10L318 - LRBF,Everett - 1E419 - LRYM,2022-09-12,Too Young to Test,
1,Ellie,4E322,Female,LR,Y,2022-09-12,Locket - 10L318 - LRBF,Everett - 1E419 - LRYM,2022-09-12,Too Young to Test,
2,Echo,5E322,Female,LR,Y,2022-09-12,Locket - 10L318 - LRBF,Everett - 1E419 - LRYM,2022-09-12,Too Young to Test,
3,Eclaire,6E322,Female,LR,Y,2022-09-12,Locket - 10L318 - LRBF,Everett - 1E419 - LRYM,2022-09-12,Too Young to Test,
4,Elias,3E322,Male,LR,Y,2022-09-12,Locket - 10L318 - LRBF,Everett - 1E419 - LRYM,2022-09-12,Too Young to Test,
5,Edsel,1E322,Male,LR,B,2022-09-12,Locket - 10L318 - LRBF,Everett - 1E419 - LRYM,2022-09-12,Too Young to Test,
6,Dennison,2D322,Male,LR,B,2022-09-10,Quay - 4QQ19 - LRBF,Denny - 8D21 - LRBM,2022-09-10,Too Young to Test,
7,Dutch,1D322,Male,LR,B,2022-09-10,Quay - 4QQ19 - LRBF,Denny - 8D21 - LRBM,2022-09-10,Too Young to Test,
8,Baja,4B322,Female,LR,Y,2022-08-31,Helen - 3HH19 - LRYF,Dover - 3D19 - LRBM,2022-08-31,Too Young to Test,
9,Brindy,5B322,Female,LR,B,2022-08-31,Helen - 3HH19 - LRYF,Dover - 3D19 - LRBM,2022-08-31,Too Young to Test,
10,Chorus,2C322,Female,LR,B,2022-08-31,Dusk - 7D418 - LRBF,Perry - 1P319 - LRBM,2022-08-31,Too Young to Test,
11,Bingo,2B322,Male,LR,BRIN,2022-08-31,Helen - 3HH19 - LRYF,Dover - 3D19 - LRBM,2022-08-31,Too Young to Test,
12,Choir,1C322,Female,LR,B,2022-08-31,Dusk - 7D418 - LRBF,Perry - 1P319 - LRBM,2022-08-31,Too Young to Test,
13,Boots,1B322,Female,LR,Y,2022-08-31,Helen - 3HH19 - LRYF,Dover - 3D19 - LRBM,2022-08-31,Too Young to Test,
14,Bruno,8B322,Male,LR,B,2022-08-31,Helen - 3HH19 - LRYF,Dover - 3D19 - LRBM,2022-08-31,Too Young to Test,
15,Barney,3B322,Male,LR,Y,2022-08-31,Helen - 3HH19 - LRYF,Dover - 3D19 - LRBM,2022-08-31,Too Young to Test,
16,Boston,6B322,Male,LR,B,2022-08-31,Helen - 3HH19 - LRYF,Dover - 3D19 - LRBM,2022-08-31,Too Young to Test,
17,Bonnet,7B322,Female,LR,Y,2022-08-31,Helen - 3HH19 - LRYF,Dover - 3D19 - LRBM,2022-08-31,Too Young to Test,
18,Alfred,6A322,Male,LR,Y,2022-08-26,Demi - 5D319 - LRYF,Clay - 5C319 - LRYM,2022-08-26,Too Young to Test,
19,Arthur,7A322,Male,LR,Y,2022-08-26,Demi - 5D319 - LRYF,Clay - 5C319 - LRYM,2022-08-26,Too Young to Test,
20,Ambrosia,2A322,Female,LR,Y,2022-08-26,Demi - 5D319 - LRYF,Clay - 5C319 - LRYM,2022-08-26,Too Young to Test,
21,A.J.,5A322,Male,LR,Y,2022-08-26,Demi - 5D319 - LRYF,Clay - 5C319 - LRYM,2022-08-26,Too Young to Test,
22,Almond,1A322,Female,LR,Y,2022-08-26,Demi - 5D319 - LRYF,Clay - 5C319 - LRYM,2022-08-26,Too Young to Test,
23,Abilene,4A322,Female,LR,Y,2022-08-26,Demi - 5D319 - LRYF,Clay - 5C319 - LRYM,2022-08-26,Too Young to Test,
24,Arizona,3A322,Female,LR,Y,2022-08-26,Demi - 5D319 - LRYF,Clay - 5C319 - LRYM,2022-08-26,Too Young to Test,
25,Yoki,4YY22,Female,LR,Y,2022-08-24,Lava - 4L417 - LRBF,Midnight - 4M19 - LRBM,2022-08-24,Too Young to Test,
26,Yasmine,3YY22,Female,LR,Y,2022-08-24,Lava - 4L417 - LRBF,Midnight - 4M19 - LRBM,2022-08-24,Too Young to Test,
27,Yola,1YY22,Female,LR,B,2022-08-24,Lava - 4L417 - LRBF,Midnight - 4M19 - LRBM,2022-08-24,Too Young to Test,
28,Yorkshire,2YY22,Male,LR,Y,2022-08-24,Lava - 4L417 - LRBF,Midnight - 4M19 - LRBM,2022-08-24,Too Young to Test,
29,Waylee,9WW22,Female,LR,B,2022-08-20,Liza - 5L318 - LRBF,Everett - 1E419 - LRYM,2022-08-20,Too Young to Test,
30,William,10WW22,Male,LR,Y,2022-08-20,Liza - 5L318 - LRBF,Everett - 1E419 - LRYM,2022-08-20,Too Young to Test,
31,Wayne,6WW22,Male,LR,B,2022-08-20,Liza - 5L318 - LRBF,Everett - 1E419 - LRYM,2022-08-20,Too Young to Test,
32,Walter,3WW22,Male,LR,B,2022-08-20,Liza - 5L318 - LRBF,Everett - 1E419 - LRYM,2022-08-20,Too Young to Test,
33,Wind,4WW22,Female,LR,B,2022-08-20,Liza - 5L318 - LRBF,Everett - 1E419 - LRYM,2022-08-20,Too Young to Test,
34,Wyatt,5WW22,Male,LR,Y,2022-08-20,Liza - 5L318 - LRBF,Everett - 1E419 - LRYM,2022-08-20,Too Young to Test,
35,Winslow,1WW22,Male,LR,B,2022-08-20,Liza - 5L318 - LRBF,Everett - 1E419 - LRYM,2022-08-20,Too Young to Test,
36,Wendell,7WW22,Male,LR,B,2022-08-20,Liza - 5L318 - LRBF,Everett - 1E419 - LRYM,2022-08-20,Too Young to Test,
37,Whispy,2WW22,Female,LR,Y,2022-08-20,Liza - 5L318 - LRBF,Everett - 1E419 - LRYM,2022-08-20,Too Young to Test,
38,Wilbur,8WW22,Male,LR,Y,2022-08-20,Liza - 5L318 - LRBF,Everett - 1E419 - LRYM,2022-08-20,Too Young to Test,
39,Viera,1VV22,Female,LR,Y,2022-08-06,Bianca - P - 5B317 - LRYF,Clay - 5C319 - LRYM,2022-08-06,Too Young to Test,
40,Vega,2VV22,Female,LR,Y,2022-08-06,Bianca - P - 5B317 - LRYF,Clay - 5C319 - LRYM,2022-08-06,Too Young to Test,
41,Vogue,5VV22,Female,LR,Y,2022-08-06,Bianca - P - 5B317 - LRYF,Clay - 5C319 - LRYM,2022-08-06,Too Young to Test,
42,Villa,3VV22,Female,LR,Y,2022-08-06,Bianca - P - 5B317 - LRYF,Clay - 5C319 - LRYM,2022-08-06,Too Young to Test,
43,Viggo,8VV22,Male,LR,Y,2022-08-06,Bianca - P - 5B317 - LRYF,Clay - 5C319 - LRYM,2022-08-06,Too Young to Test,
44,Victoria,4VV22,Female,LR,Y,2022-08-06,Bianca - P - 5B317 - LRYF,Clay - 5C319 - LRYM,2022-08-06,Too Young to Test,
45,Visa,7VV22,Female,LR,Y,2022-08-06,Bianca - P - 5B317 - LRYF,Clay - 5C319 - LRYM,2022-08-06,Too Young to Test,
46,Tremaine,5TT22,Male,LR,B,2022-08-03,Winter - 1W18 - LRBF,Dover - 3D19 - LRBM,2022-08-03,Too Young to Test,
47,Trinket,8TT22,Female,LR,B,2022-08-03,Winter - 1W18 - LRBF,Dover - 3D19 - LRBM,2022-08-03,Too Young to Test,
48,Tricia,6TT22,Female,LR,B,2022-08-03,Winter - 1W18 - LRBF,Dover - 3D19 - LRBM,2022-08-03,Too Young to Test,
49,Tammy,9TT22,Female,LR,B,2022-08-03,Winter - 1W18 - LRBF,Dover - 3D19 - LRBM,2022-08-03,Too Young to Test,
50,Tory,2TT22,Female,LR,B,2022-08-03,Winter - 1W18 - LRBF,Dover - 3D19 - LRBM,2022-08-03,Too Young to Test,
51,Tina,1TT22,Female,LR,B,2022-08-03,Winter - 1W18 - LRBF,Dover - 3D19 - LRBM,2022-08-03,Too Young to Test,
52,Tanya,3TT22,Female,LR,B,2022-08-03,Winter - 1W18 - LRBF,Dover - 3D19 - LRBM,2022-08-03,Too Young to Test,
53,Timothy,4TT22,Male,LR,B,2022-08-03,Winter - 1W18 - LRBF,Dover - 3D19 - LRBM,2022-08-03,Too Young to Test,
54,Springsteen,1SS22,Male,LR,B,2022-07-29,Minka - 6MM17 - LRBF,Darren - 4D20 - LRBM,2022-07-29,Too Young to Test,
55,Savannah,2SS22,Female,LR,B,2022-07-29,Minka - 6MM17 - LRBF,Darren - 4D20 - LRBM,2022-07-29,Too Young to Test,
56,Star,3SS22,Female,LR,B,2022-07-29,Minka - 6MM17 - LRBF,Darren - 4D20 - LRBM,2022-07-29,Too Young to Test,
57,Santana,5SS22,Male,LR,B,2022-07-29,Minka - 6MM17 - LRBF,Darren - 4D20 - LRBM,2022-07-29,Too Young to Test,
58,Splash,6SS22,Female,LR,B,2022-07-29,Minka - 6MM17 - LRBF,Darren - 4D20 - LRBM,2022-07-29,Too Young to Test,
59,Sprinkles,7SS22,Female,LR,B,2022-07-29,Minka - 6MM17 - LRBF,Darren - 4D20 - LRBM,2022-07-29,Too Young to Test,
60,Sushi,8SS22,Female,LR,B,2022-07-29,Minka - 6MM17 - LRBF,Darren - 4D20 - LRBM,2022-07-29,Too Young to Test,
61,Romeo,2RR22,Male,LR,Y,2022-07-24,Irene - 6II20 - LRBF,Perry - 1P319 - LRBM,2022-07-24,Too Young to Test,
62,Randall,1RR22,Male,LR,B,2022-07-24,Irene - 6II20 - LRBF,Perry - 1P319 - LRBM,2022-07-24,Too Young to Test,
63,Rufus,3RR22,Male,LR,B,2022-07-24,Irene - 6II20 - LRBF,Perry - 1P319 - LRBM,2022-07-24,Too Young to Test,
64,Quarter,3QQ22,Male,LR,B,2022-07-21,Coco - S - 1C418 - LRBF,Arlo - 1A320 - LRBM,2022-07-21,Too Young to Test,
65,Quentin,1QQ22,Male,LR,B,2022-07-21,Coco - S - 1C418 - LRBF,Arlo - 1A320 - LRBM,2022-07-21,Too Young to Test,
66,Quintessa,2QQ22,Female,LR,Y,2022-07-21,Coco - S - 1C418 - LRBF,Arlo - 1A320 - LRBM,2022-07-21,Too Young to Test,
67,Quigley,5QQ22,Male,LR,Y,2022-07-21,Coco - S - 1C418 - LRBF,Arlo - 1A320 - LRBM,2022-07-21,Too Young to Test,
68,Quasi,4QQ22,Male,LR,B,2022-07-21,Coco - S - 1C418 - LRBF,Arlo - 1A320 - LRBM,2022-07-21,Too Young to Test,
69,Quantas,6QQ22,Male,LR,B,2022-07-21,Coco - S - 1C418 - LRBF,Arlo - 1A320 - LRBM,2022-07-21,Too Young to Test,
70,Quinbie,7QQ22,Female,LR,B,2022-07-21,Coco - S - 1C418 - LRBF,Arlo - 1A320 - LRBM,2022-07-21,Too Young to Test,
71,Paul,7PP22,Male,LR,Y,2022-07-19,Zelda - 1Z319 - LRBF,Gerald - 7G20 - LRYM,2022-09-12,Ready for Puppy Raiser,
72,Peace,2PP22,Female,LR,Y,2022-07-19,Zelda - 1Z319 - LRBF,Gerald - 7G20 - LRYM,2022-09-12,Ready for Puppy Raiser,
73,Patch,1PP22,Male,LR,B&T,2022-07-19,Zelda - 1Z319 - LRBF,Gerald - 7G20 - LRYM,2022-09-12,Ready for Puppy Raiser,
74,Potter,6PP22,Male,LR,B,2022-07-19,Zelda - 1Z319 - LRBF,Gerald - 7G20 - LRYM,2022-09-13,Ready for Puppy Raiser,
75,Parfait,4PP22,Female,LR,Y,2022-07-19,Zelda - 1Z319 - LRBF,Gerald - 7G20 - LRYM,2022-09-13,Ready for Puppy Raiser,
77,Pluto,3PP22,Male,LR,Y,2022-07-19,Zelda - 1Z319 - LRBF,Gerald - 7G20 - LRYM,2022-09-12,Ready for Puppy Raiser,
78,Paddington,8PP22,Male,LR,Y,2022-07-19,Zelda - 1Z319 - LRBF,Gerald - 7G20 - LRYM,2022-09-13,Ready for Puppy Raiser,
79,Obie,1OO22,Male,GS,B&T,2022-07-11,Hexa - 4HH20 - GSBF,Usher TSE - USHER - GSB&TM *NOP*,2022-09-13,Ready for Puppy Raiser,
81,Nikolai,1NN22,Male,LR,B,2022-07-05,Madeline - 7M20 - LRYF,Odin - 5OO19 - LRBM,2022-08-29,Ready for Puppy Raiser,
82,Nikon,2NN22,Male,LR,B,2022-07-05,Madeline - 7M20 - LRYF,Odin - 5OO19 - LRBM,2022-09-03,Puppy Raising,Northern CT Puppy Raising Region
83,Nova,3NN22,Female,LR,B,2022-07-05,Madeline - 7M20 - LRYF,Odin - 5OO19 - LRBM,2022-09-02,Puppy Raising,SWCT Puppy Raising Region
85,Mitch,3MM22,Male,LR,B,2022-07-02,Dawn - 1DD20 - LRYF,Dover - 3D19 - LRBM,2022-08-28,Puppy Raising,Eastern MA Puppy Raising Region
86,Maverick,2MM22,Male,LR,Y,2022-07-02,Dawn - 1DD20 - LRYF,Dover - 3D19 - LRBM,2022-08-28,Puppy Raising,Columbus Puppy Raising Region
87,Maguire,4MM22,Male,LR,Y,2022-07-02,Dawn - 1DD20 - LRYF,Dover - 3D19 - LRBM,2022-08-28,Puppy Raising,Delmarva Puppy Raising Region
88,Marcy,6MM22,Female,LR,B,2022-07-02,Dawn - 1DD20 - LRYF,Dover - 3D19 - LRBM,2022-08-26,Ready for Puppy Raiser,
89,Magnus,5MM22,Male,LR,B,2022-07-02,Dawn - 1DD20 - LRYF,Dover - 3D19 - LRBM,2022-09-08,Puppy Raising,Richmond Puppy Raising Region
91,Muffin,7MM22,Female,LR,Y,2022-07-02,Dawn - 1DD20 - LRYF,Dover - 3D19 - LRBM,2022-08-25,Puppy Raising,SWCT Puppy Raising Region
92,Maxwell,8MM22,Male,LR,B,2022-07-02,Dawn - 1DD20 - LRYF,Dover - 3D19 - LRBM,2022-08-30,Puppy Raising,Central CT Puppy Raising Region
93,Lupo,3LL22,Male,LR,B,2022-06-21,Via - 6VV18 - LRBF,Elrod - 6E319 - LRBM,2022-08-15,Ready for Puppy Raiser,
94,Lenora,1LL22,Female,LR,B,2022-06-21,Via - 6VV18 - LRBF,Elrod - 6E319 - LRBM,2022-08-20,Puppy Raising,Baltimore Puppy Raising Region
96,Lenny,7LL22,Male,LR,B,2022-06-21,Via - 6VV18 - LRBF,Elrod - 6E319 - LRBM,2022-08-25,Puppy Raising,Rhode Island Puppy Raising Region
97,Luigi,6LL22,Male,LR,B,2022-06-21,Via - 6VV18 - LRBF,Elrod - 6E319 - LRBM,2022-08-26,Puppy Raising,Southwestern VT Puppy Raising Region
98,Lucerne,5LL22,Female,LR,B,2022-06-21,Via - 6VV18 - LRBF,Elrod - 6E319 - LRBM,2022-08-19,Puppy Raising,SWCT Puppy Raising Region
99,Lorenzo,4LL22,Male,LR,B,2022-06-21,Via - 6VV18 - LRBF,Elrod - 6E319 - LRBM,2022-09-02,Puppy Raising,Erie NY Puppy Raising Region
100,Kristen,8KK22,Female,GS,B&T,2022-06-18,Mittzy - 2M318 - GSB&TF,Usher TSE - USHER - GSB&TM *NOP*,2022-08-13,Puppy Raising,Eastern MA Puppy Raising Region
102,Mishkin,3KK22,Male,GS,B&T,2022-06-18,Mittzy - 2M318 - GSB&TF,Usher TSE - USHER - GSB&TM *NOP*,2022-08-20,Puppy Raising,Montgomery Puppy Raising Region
103,Kiley,1KK22,Female,GS,B&T,2022-06-18,Mittzy - 2M318 - GSB&TF,Usher TSE - USHER - GSB&TM *NOP*,2022-08-13,Puppy Raising,Region
105,Kate,6KK22,Female,GS,B&T,2022-06-18,Mittzy - 2M318 - GSB&TF,Usher TSE - USHER - GSB&TM *NOP*,2022-08-13,Puppy Raising,Capital NY Puppy Raising Region
106,Kelsa,5KK22,Female,GS,B&T,2022-06-18,Mittzy - 2M318 - GSB&TF,Usher TSE - USHER - GSB&TM *NOP*,2022-08-20,Puppy Raising,Region
107,Miller2,4KK22,Male,GS,B&T,2022-06-18,Mittzy - 2M318 - GSB&TF,Usher TSE - USHER - GSB&TM *NOP*,2022-08-14,Puppy Raising,Southern Tier NY Puppy Raising Region
108,Kingsley,7KK22,Male,GS,B&T,2022-06-18,Mittzy - 2M318 - GSB&TF,Usher TSE - USHER - GSB&TM *NOP*,2022-08-15,Puppy Raising,Cleveland West Puppy Raising Region
109,Kathleen,10KK22,Female,GS,B&T,2022-06-18,Mittzy - 2M318 - GSB&TF,Usher TSE - USHER - GSB&TM *NOP*,2022-08-18,Puppy Raising,Northern NJ Puppy Raising Region
110,James,1JJ22,Male,LR,B,2022-06-16,Dakota - 4D419 - LRYF,Odin - 5OO19 - LRBM,2022-08-15,Puppy Raising,Cleveland West Puppy Raising Region
112,Jewel,3JJ22,Female,LR,B,2022-06-16,Dakota - 4D419 - LRYF,Odin - 5OO19 - LRBM,2022-08-12,Puppy Raising,Prince William Puppy Raising Region
113,Julio,5JJ22,Male,LR,B,2022-06-16,Dakota - 4D419 - LRYF,Odin - 5OO19 - LRBM,2022-08-15,Puppy Raising,Central CT Puppy Raising Region
114,Jupiter,4JJ22,Female,LR,B,2022-06-16,Dakota - 4D419 - LRYF,Odin - 5OO19 - LRBM,2022-08-13,Puppy Raising,Capital NY Puppy Raising Region
124,Herb,5HH22,Male,LR,B,2022-06-07,Bonnie - 4B18 - LRYF,Bosley - 1B418 - LRBM,2022-08-27,Puppy Raising,Fingerlakes Puppy Raising Region
125,Helix,4HH22,Male,LR,Y,2022-06-07,Bonnie - 4B18 - LRYF,Bosley - 1B418 - LRBM,2022-08-03,Puppy Raising,Cattaraugus Puppy Raising Region
126,Heron,7HH22,Female,LR,Y,2022-06-07,Bonnie - 4B18 - LRYF,Bosley - 1B418 - LRBM,2022-08-11,Puppy Raising,Dominion Puppy Raising Region
127,Henry,2HH22,Male,LR,B,2022-06-07,Bonnie - 4B18 - LRYF,Bosley - 1B418 - LRBM,2022-08-31,Puppy Raising,Leatherstocking NY Puppy Raising  Region
128,Harvey,3HH22,Male,LR,Y,2022-06-07,Bonnie - 4B18 - LRYF,Bosley - 1B418 - LRBM,2022-08-01,Ready for Puppy Raiser,
129,Henna,6HH22,Female,LR,Y,2022-06-07,Bonnie - 4B18 - LRYF,Bosley - 1B418 - LRBM,2022-08-24,Puppy Raising,Northern NJ Puppy Raising Region
132,Freedom,6FF22,Male,LR,Y,2022-06-01,Capri - 2C17 - LRBF,Kisco - 6KK18 - LRYM,2022-08-10,Puppy Raising,Cleveland West Puppy Raising Region
133,Frank,4FF22,Male,LR,B,2022-06-01,Capri - 2C17 - LRBF,Kisco - 6KK18 - LRYM,2022-08-10,Puppy Raising,Cleveland East Puppy Raising Region
135,Forbes,9FF22,Male,LR,B,2022-06-01,Capri - 2C17 - LRBF,Kisco - 6KK18 - LRYM,2022-08-10,Puppy Raising,Cleveland East Puppy Raising Region
136,Figi,8FF22,Female,LR,Y,2022-06-01,Capri - 2C17 - LRBF,Kisco - 6KK18 - LRYM,2022-08-10,Puppy Raising,Cleveland West Puppy Raising Region
140,Fiesta,5FF22,Female,LR,B,2022-06-01,Capri - 2C17 - LRBF,Kisco - 6KK18 - LRYM,2022-08-10,Puppy Raising,Cleveland East Puppy Raising Region
141,Ella,4EE22,Female,LR,B,2022-05-17,MacKenzie - S - 2M18 - LRYF,Darren - 4D20 - LRBM,2022-08-03,Puppy Raising,Southern Tier NY Puppy Raising Region
142,Elsie,3EE22,Female,LR,B,2022-05-17,MacKenzie - S - 2M18 - LRYF,Darren - 4D20 - LRBM,2022-07-29,Puppy Raising,Central NY Puppy Raising Region
144,Ellison,7EE22,Male,LR,B,2022-05-17,MacKenzie - S - 2M18 - LRYF,Darren - 4D20 - LRBM,2022-08-09,Puppy Raising,Maine Puppy Raising Region
145,Ezra,1EE22,Male,LR,B,2022-05-17,MacKenzie - S - 2M18 - LRYF,Darren - 4D20 - LRBM,2022-08-11,Puppy Raising,Bay Puppy Raising Region
146,Elon,5EE22,Male,LR,B,2022-05-17,MacKenzie - S - 2M18 - LRYF,Darren - 4D20 - LRBM,2022-08-11,Puppy Raising,Catoctin Puppy Raising Region
147,Edward,8EE22,Male,LR,B,2022-05-17,MacKenzie - S - 2M18 - LRYF,Darren - 4D20 - LRBM,2022-07-17,Puppy Raising,Montgomery Puppy Raising Region
163,Darby,4DD22,Male,LR,Y,2022-05-15,Bonita - P - 8B417 - LRYF,Donny - 2D419 - LRBM,2022-07-09,Puppy Raising,Adirondack Puppy Raising Region
164,Delta,3DD22,Female,LR,Y,2022-05-15,Bonita - P - 8B417 - LRYF,Donny - 2D419 - LRBM,2022-08-15,Puppy Raising,Cleveland West Puppy Raising Region
165,Daryl,5DD22,Female,LR,Y,2022-05-15,Bonita - P - 8B417 - LRYF,Donny - 2D419 - LRBM,2022-07-24,Puppy Raising,Eastern CT Puppy Raising Region
166,Donovan,7DD22,Male,LR,Y,2022-05-15,Bonita - P - 8B417 - LRYF,Donny - 2D419 - LRBM,2022-07-16,Puppy Raising,Adirondack Puppy Raising Region
168,Dayton,8DD22,Male,LR,Y,2022-05-15,Bonita - P - 8B417 - LRYF,Donny - 2D419 - LRBM,2022-07-17,Puppy Raising,Montgomery Puppy Raising Region
169,Cole,1CC22,Male,GS,B&T,2022-05-12,Jazz GDA - 1X20 - GSB&TF,Timber FGDF - TIMBER FGD - GSB&TM *NOP*,2022-07-17,Puppy Raising,Delmarva Puppy Raising Region
171,Bijou,2BB22,Female,LR,B,2022-05-11,Dana - 5D419 - LRBF,Rider - 3R15 - LRBM,2022-08-13,Puppy Raising,Southern CT Puppy Raising region
172,Bernie,3BB22,Male,LR,Y,2022-05-11,Dana - 5D419 - LRBF,Rider - 3R15 - LRBM,2022-07-09,Puppy Raising,Capital NY Puppy Raising Region
173,Brandt,4BB22,Male,LR,B,2022-05-11,Dana - 5D419 - LRBF,Rider - 3R15 - LRBM,2022-07-08,Puppy Raising,Monroe NY Puppy Raising Region
174,Belgium,11BB22,Female,LR,Y,2022-05-11,Dana - 5D419 - LRBF,Rider - 3R15 - LRBM,2022-07-30,Puppy Raising,Erie NY Puppy Raising Region
175,Beacon,10BB22,Male,LR,Y,2022-05-11,Dana - 5D419 - LRBF,Rider - 3R15 - LRBM,2022-07-17,Puppy Raising,Baltimore Puppy Raising Region
176,Baxter,5BB22,Male,LR,B,2022-05-11,Dana - 5D419 - LRBF,Rider - 3R15 - LRBM,2022-07-30,Puppy Raising,Monroe NY Puppy Raising Region
177,Bankie,8BB22,Male,LR,B,2022-05-11,Dana - 5D419 - LRBF,Rider - 3R15 - LRBM,2022-07-07,Puppy Raising,Central NY Puppy Raising Region
178,Broadway,9BB22,Female,LR,Y,2022-05-11,Dana - 5D419 - LRBF,Rider - 3R15 - LRBM,2022-07-31,Puppy Raising,New Hampshire Puppy Raising Region
180,Bryna,6BB22,Female,LR,Y,2022-05-11,Dana - 5D419 - LRBF,Rider - 3R15 - LRBM,2022-07-07,Puppy Raising,Monroe NY Puppy Raising Region
181,Angus,1AA22,Male,LR,B,2022-05-01,Vanna - 4V318 - LRYF,Elton - 4EE20 - LRBM,2022-06-28,Puppy Raising,Eastern CT Puppy Raising Region
182,Ambie,2AA22,Female,LR,Y,2022-05-01,Vanna - 4V318 - LRYF,Elton - 4EE20 - LRBM,2022-07-17,Puppy Raising,Baltimore Puppy Raising Region
183,Ada,3AA22,Female,LR,Y,2022-05-01,Vanna - 4V318 - LRYF,Elton - 4EE20 - LRBM,2022-07-30,Puppy Raising,Monroe NY Puppy Raising Region
184,Aladdin,4AA22,Male,LR,Y,2022-05-01,Vanna - 4V318 - LRYF,Elton - 4EE20 - LRBM,2022-06-25,Puppy Raising,Adirondack Puppy Raising Region
185,Avril,5AA22,Female,LR,B,2022-05-01,Vanna - 4V318 - LRYF,Elton - 4EE20 - LRBM,2022-07-21,Puppy Raising,Fingerlakes Puppy Raising Region
196,Yeti,1Y22,Female,LR,Y,2022-04-13,Janet - 2J20 - LRYF,Garcia - 4G16 - LRYM,2022-06-08,Puppy Raising,Columbus Puppy Raising Region
197,Yolanda,3Y22,Female,LR,Y,2022-04-13,Janet - 2J20 - LRYF,Garcia - 4G16 - LRYM,2022-07-15,Puppy Raising,Eastern MA Puppy Raising Region
198,Yaeger,4Y22,Male,LR,Y,2022-04-13,Janet - 2J20 - LRYF,Garcia - 4G16 - LRYM,2022-06-28,Puppy Raising,Central CT Puppy Raising Region
199,Yoyo,5Y22,Female,LR,Y,2022-04-13,Janet - 2J20 - LRYF,Garcia - 4G16 - LRYM,2022-06-09,Puppy Raising,Rhode Island Puppy Raising Region
200,Yogi,2Y22,Male,LR,Y,2022-04-13,Janet - 2J20 - LRYF,Garcia - 4G16 - LRYM,2022-06-09,Puppy Raising,Columbus Puppy Raising Region
201,Yvonne,6Y22,Female,LR,Y,2022-04-13,Janet - 2J20 - LRYF,Garcia - 4G16 - LRYM,2022-08-03,Puppy Raising,Fingerlakes Puppy Raising Region
203,Wade,2W22,Male,LR,B,2022-04-11,Debbie - 6D319 - LRYF,Dasher - 6D418 - LRBM,2022-07-17,Puppy Raising,Baltimore Puppy Raising Region
204,Watson,3W22,Male,LR,B,2022-04-11,Debbie - 6D319 - LRYF,Dasher - 6D418 - LRBM,2022-07-09,Puppy Raising,Adirondack Puppy Raising Region
206,Watkins,6W22,Male,LR,B,2022-04-11,Debbie - 6D319 - LRYF,Dasher - 6D418 - LRBM,2022-07-16,Puppy Raising,Eastern MA Puppy Raising Region
207,Winette,9W22,Female,LR,B,2022-04-11,Debbie - 6D319 - LRYF,Dasher - 6D418 - LRBM,2022-06-12,Puppy Raising,Dominion Puppy Raising Region
209,Waffle,1W22,Female,LR,B,2022-04-11,Debbie - 6D319 - LRYF,Dasher - 6D418 - LRBM,2022-07-24,Puppy Raising,Eastern CT Puppy Raising Region
211,Verona,2V22,Female,LR,B,2022-04-04,Okemo - 7OO19 - LRBF,Bosley - 1B418 - LRBM,2022-06-14,Puppy Raising,North Carolina Puppy Raising Region
212,Vida,3V22,Female,LR,B,2022-04-04,Okemo - 7OO19 - LRBF,Bosley - 1B418 - LRBM,2022-06-25,Puppy Raising,Adirondack Puppy Raising Region
213,Vespa,5V22,Female,LR,Y,2022-04-04,Okemo - 7OO19 - LRBF,Bosley - 1B418 - LRBM,2022-06-08,Puppy Raising,Catoctin Puppy Raising Region
214,Sean,6V22,Male,LR,B,2022-04-04,Okemo - 7OO19 - LRBF,Bosley - 1B418 - LRBM,2022-06-30,Puppy Raising,Monroe NY Puppy Raising Region
216,Tux,1T22,Male,LR,B,2022-04-02,Felicia - 5F20 - LRBF,Dover - 3D19 - LRBM,2022-07-07,Puppy Raising,Montgomery Puppy Raising Region
217,Ten,2T22,Male,LR,Y,2022-04-02,Felicia - 5F20 - LRBF,Dover - 3D19 - LRBM,2022-07-02,Puppy Raising,Eastern MA Puppy Raising Region
218,Tootsie,4T22,Female,LR,B,2022-04-02,Felicia - 5F20 - LRBF,Dover - 3D19 - LRBM,2022-06-10,Puppy Raising,Northern NJ Puppy Raising Region
221,Tahiti,7T22,Female,LR,B,2022-04-02,Felicia - 5F20 - LRBF,Dover - 3D19 - LRBM,2022-06-24,Puppy Raising,Cleveland East Puppy Raising Region
223,Tank,10T22,Male,LR,B,2022-04-02,Felicia - 5F20 - LRBF,Dover - 3D19 - LRBM,2022-06-23,Puppy Raising,Southern CT Puppy Raising region
225,Treasure,11T22,Female,LR,B,2022-04-02,Felicia - 5F20 - LRBF,Dover - 3D19 - LRBM,2022-06-12,Puppy Raising,Dominion Puppy Raising Region
227,Sandra,2S22,Female,LR,B,2022-03-26,Terri - 3T18 - LRBF,Midnight - 4M19 - LRBM,2022-07-17,Puppy Raising,Columbus Puppy Raising Region
228,Sonic,6S22,Male,LR,B,2022-03-26,Terri - 3T18 - LRBF,Midnight - 4M19 - LRBM,2022-06-08,Puppy Raising,Montgomery Puppy Raising Region
229,Sherman,3S22,Male,LR,B,2022-03-26,Terri - 3T18 - LRBF,Midnight - 4M19 - LRBM,2022-06-14,Puppy Raising,North Carolina Puppy Raising Region
230,Suzanne,4S22,Female,LR,B,2022-03-26,Terri - 3T18 - LRBF,Midnight - 4M19 - LRBM,2022-06-08,Puppy Raising,Cleveland East Puppy Raising Region
231,Stitch,5S22,Male,LR,B,2022-03-26,Terri - 3T18 - LRBF,Midnight - 4M19 - LRBM,2022-06-08,Puppy Raising,Leatherstocking NY Puppy Raising Region
232,Renegade,2R22,Female,GS,B&T,2022-03-21,Xena - 2X20 - GSB&TF,Hobie - 1HH20 - GSB&TM,2022-05-18,Puppy Raising,Central NY Puppy Raising Region
234,Rookie,3R22,Male,GS,B,2022-03-21,Xena - 2X20 - GSB&TF,Hobie - 1HH20 - GSB&TM,2022-05-16,Puppy Raising,Dutchess NY Puppy Raising Region
235,Rogue,4R22,Female,GS,B&T,2022-03-21,Xena - 2X20 - GSB&TF,Hobie - 1HH20 - GSB&TM,2022-05-18,Puppy Raising,Southern Tier NY Puppy Raising Region
238,Carmen,7Q22,Female,LR,B,2022-03-18,Helga - 6H319 - LRBF,Odin - 5OO19 - LRBM,2022-05-18,Puppy Raising,Columbus Puppy Raising Region
239,Quattro,9Q22,Male,LR,B,2022-03-18,Helga - 6H319 - LRBF,Odin - 5OO19 - LRBM,2022-05-18,Puppy Raising,Wayne County Puppy Raising Region
240,Quill,5Q22,Female,LR,B,2022-03-18,Helga - 6H319 - LRBF,Odin - 5OO19 - LRBM,2022-06-14,Puppy Raising,North Carolina Puppy Raising Region
241,Quidditch,8Q22,Male,LR,B,2022-03-18,Helga - 6H319 - LRBF,Odin - 5OO19 - LRBM,2022-06-06,Puppy Raising,Bay Puppy Raising Region
242,Queso,10Q22,Male,LR,B,2022-03-18,Helga - 6H319 - LRBF,Odin - 5OO19 - LRBM,2022-06-08,Puppy Raising,Leatherstocking NY Puppy Raising Region
244,Quantum,2Q22,Male,LR,B,2022-03-18,Helga - 6H319 - LRBF,Odin - 5OO19 - LRBM,2022-06-08,Puppy Raising,Fingerlakes Puppy Raising Region
246,Phoenix,3P22,Female,LR,Y,2022-03-17,Tempest - 4TT18 - LRYF,Gomer - 4G319 - LRYM,2022-05-18,Puppy Raising,Southern Tier NY Puppy Raising Region
248,Gait,2P22,Female,LR,Y,2022-03-17,Tempest - 4TT18 - LRYF,Gomer - 4G319 - LRYM,2022-05-14,Puppy Raising,Dominion Puppy Raising Region
250,Pax,5P22,Male,LR,Y,2022-03-17,Tempest - 4TT18 - LRYF,Gomer - 4G319 - LRYM,2022-05-18,Puppy Raising,Erie NY Puppy Raising Region
251,Oak,2O22,Male,LR,B,2022-03-12,Piper - 1P318 - LRYF,Elrod - 6E319 - LRBM,2022-05-18,Puppy Raising,Fingerlakes Puppy Raising Region
253,Opus,4O22,Male,LR,B,2022-03-12,Piper - 1P318 - LRYF,Elrod - 6E319 - LRBM,2022-06-08,Puppy Raising,Fingerlakes Puppy Raising Region
255,O'Hara,5O22,Female,LR,B,2022-03-12,Piper - 1P318 - LRYF,Elrod - 6E319 - LRBM,2022-06-12,Puppy Raising,Montgomery Puppy Raising Region
256,Ophelia,1O22,Female,LR,B,2022-03-12,Piper - 1P318 - LRYF,Elrod - 6E319 - LRBM,2022-05-21,Puppy Raising,Southwestern VT Puppy Raising Region
257,Newton,8N22,Male,LR,Y,2022-03-10,Emblem - 6EE19 - LRYF,Everett - 1E419 - LRYM,2022-06-21,Puppy Raising,Southern CT Puppy Raising region
258,Nomad,9N22,Male,LR,Y,2022-03-10,Emblem - 6EE19 - LRYF,Everett - 1E419 - LRYM,2022-05-14,Puppy Raising,Dominion Puppy Raising Region
259,Nashville,10N22,Male,LR,Y,2022-03-10,Emblem - 6EE19 - LRYF,Everett - 1E419 - LRYM,2022-05-14,Puppy Raising,Cleveland West Puppy Raising Region
260,Richie,1N22,Male,LR,Y,2022-03-10,Emblem - 6EE19 - LRYF,Everett - 1E419 - LRYM,2022-06-08,Puppy Raising,Columbus Puppy Raising Region
262,Nigel,3N22,Male,LR,Y,2022-03-10,Emblem - 6EE19 - LRYF,Everett - 1E419 - LRYM,2022-06-06,Puppy Raising,Eastern MA Puppy Raising Region
265,Russell,6N22,Male,LR,Y,2022-03-10,Emblem - 6EE19 - LRYF,Everett - 1E419 - LRYM,2022-05-14,Puppy Raising,Richmond Puppy Raising Region
266,Navy,7N22,Male,LR,Y,2022-03-10,Emblem - 6EE19 - LRYF,Everett - 1E419 - LRYM,2022-06-08,Puppy Raising,Cleveland East Puppy Raising Region
268,Matthew,4M22,Male,LR,B,2022-02-27,Cora - 4C19 - LRBF,Gomer - 4G319 - LRYM,2022-05-01,Puppy Raising,Columbus Puppy Raising Region
269,Max,2M22,Female,LR,B,2022-02-27,Cora - 4C19 - LRBF,Gomer - 4G319 - LRYM,2022-05-16,Puppy Raising,Fingerlakes Puppy Raising Region
273,Lumos,5L22,Female,LR,B,2022-02-26,Caprice - 8C318 - LRBF,Felix TSE - FELIX - LRBM *NOP*,2022-05-14,Puppy Raising,Richmond Puppy Raising Region
274,Licorice,7L22,Female,LR,B,2022-02-26,Caprice - 8C318 - LRBF,Felix TSE - FELIX - LRBM *NOP*,2022-05-16,Puppy Raising,Maine Puppy Raising Region
275,Lucille,8L22,Female,LR,B,2022-02-26,Caprice - 8C318 - LRBF,Felix TSE - FELIX - LRBM *NOP*,2022-06-14,Puppy Raising,North Carolina Puppy Raising Region
277,Lazz,10L22,Male,LR,B,2022-02-26,Caprice - 8C318 - LRBF,Felix TSE - FELIX - LRBM *NOP*,2022-05-14,Puppy Raising,Richmond Puppy Raising Region
279,Livy,1L22,Female,LR,B,2022-02-26,Caprice - 8C318 - LRBF,Felix TSE - FELIX - LRBM *NOP*,2022-05-14,Puppy Raising,Richmond Puppy Raising Region
280,Lupin,2L22,Male,LR,B,2022-02-26,Caprice - 8C318 - LRBF,Felix TSE - FELIX - LRBM *NOP*,2022-05-08,Puppy Raising,Capital NY Puppy Raising Region
281,Kirk,10K22,Male,LR,B,2022-02-25,Hetty - 10HH18 - LRYF,Baron - 4B20 - LRBM,2022-05-14,Puppy Raising,Bay Puppy Raising Region
282,Kismet,6K22,Female,LR,B,2022-02-25,Hetty - 10HH18 - LRYF,Baron - 4B20 - LRBM,2022-04-24,Puppy Raising,Dominion Puppy Raising Region
285,Kendall,1K22,Female,LR,Y,2022-02-25,Hetty - 10HH18 - LRYF,Baron - 4B20 - LRBM,2022-04-23,Puppy Raising,Adirondack Puppy Raising Region
287,Klondike,3K22,Male,LR,Y,2022-02-25,Hetty - 10HH18 - LRYF,Baron - 4B20 - LRBM,2022-04-23,Puppy Raising,Central NY Puppy Raising Region
289,Kay,5K22,Female,LR,Y,2022-02-25,Hetty - 10HH18 - LRYF,Baron - 4B20 - LRBM,2022-04-23,Puppy Raising,Delmarva Puppy Raising Region
290,Jimi,1J22,Male,LR,B,2022-02-21,Oriana - 2O317 - LRYF,Darren - 4D20 - LRBM,2022-05-08,Puppy Raising,Capital NY Puppy Raising Region
292,Jeremy,3J22,Male,LR,B,2022-02-21,Oriana - 2O317 - LRYF,Darren - 4D20 - LRBM,2022-05-14,Puppy Raising,Bay Puppy Raising Region
293,Jeanette,4J22,Female,LR,B,2022-02-21,Oriana - 2O317 - LRYF,Darren - 4D20 - LRBM,2022-05-18,Puppy Raising,Southern Tier NY Puppy Raising Region
295,Jada,5J22,Female,LR,B,2022-02-21,Oriana - 2O317 - LRYF,Darren - 4D20 - LRBM,2022-05-10,Puppy Raising,Leatherstocking NY Puppy Raising Region
296,Jamie,6J22,Male,LR,B,2022-02-21,Oriana - 2O317 - LRYF,Darren - 4D20 - LRBM,2022-05-18,Puppy Raising,Fingerlakes Puppy Raising Region
297,Jeeper,8J22,Male,LR,B,2022-02-21,Oriana - 2O317 - LRYF,Darren - 4D20 - LRBM,2022-05-04,Puppy Raising,Eastern MA Puppy Raising Region
301,Irby,4I22,Male,LR,Y,2022-02-07,Loretta - 2L20 - LRYF,Felix TSE - FELIX - LRBM *NOP*,2022-06-04,Puppy Raising,Dutchess NY Puppy Raising Region
303,Isla,7I22,Female,LR,Y,2022-02-07,Loretta - 2L20 - LRYF,Felix TSE - FELIX - LRBM *NOP*,2022-04-10,Puppy Raising,Columbus Puppy Raising Region
304,Inez,8I22,Female,LR,B,2022-02-07,Loretta - 2L20 - LRYF,Felix TSE - FELIX - LRBM *NOP*,2022-04-30,Puppy Raising,Dutchess NY Puppy Raising Region
307,Harley,3H22,Female,LR,B,2022-02-07,Dee - 5D19 - LRBF,Clay - 5C319 - LRYM,2022-04-17,Puppy Raising,SWCT Puppy Raising Region
309,Haiku,4H22,Female,LR,B,2022-02-07,Dee - 5D19 - LRBF,Clay - 5C319 - LRYM,2022-04-10,Puppy Raising,Erie NY Puppy Raising Region
310,Hope,6H22,Female,LR,B,2022-02-07,Dee - 5D19 - LRBF,Clay - 5C319 - LRYM,2022-04-12,Puppy Raising,Capital NY Puppy Raising Region
311,Hugo,7H22,Male,LR,B,2022-02-07,Dee - 5D19 - LRBF,Clay - 5C319 - LRYM,2022-05-17,Puppy Raising,Eastern MA Puppy Raising Region
312,Hoover,8H22,Male,LR,B,2022-02-07,Dee - 5D19 - LRBF,Clay - 5C319 - LRYM,2022-05-05,Puppy Raising,Eastern CT Puppy Raising Region
313,Giada,3G22,Female,LR,B,2022-02-06,Eloise - 5E319 - LRBF,Odin - 5OO19 - LRBM,2022-05-18,Puppy Raising,Monroe NY Puppy Raising Region
314,Gage,4G22,Male,LR,B,2022-02-06,Eloise - 5E319 - LRBF,Odin - 5OO19 - LRBM,2022-05-14,Puppy Raising,Cleveland West Puppy Raising Region
315,Greta,2G22,Female,LR,B,2022-02-06,Eloise - 5E319 - LRBF,Odin - 5OO19 - LRBM,2022-04-07,Puppy Raising,Dutchess NY Puppy Raising Region
316,Georgette,5G22,Female,LR,B,2022-02-06,Eloise - 5E319 - LRBF,Odin - 5OO19 - LRBM,2022-04-28,Puppy Raising,Montgomery Puppy Raising Region
319,Dottie,2D22,Female,LR,B,2022-01-16,Patrice - 6P319 - LRBF,Felix TSE - FELIX - LRBM *NOP*,2022-03-16,Puppy Raising,Cattaraugus Puppy Raising Region
322,Dewey,4D22,Male,LR,Y,2022-01-16,Patrice - 6P319 - LRBF,Felix TSE - FELIX - LRBM *NOP*,2022-04-19,Puppy Raising,Prince William Puppy Raising Region
324,Dooley,5D22,Male,LR,B,2022-01-16,Patrice - 6P319 - LRBF,Felix TSE - FELIX - LRBM *NOP*,2022-04-23,Puppy Raising,Cleveland East Puppy Raising Region
326,Eddie,4E+22,Male,LR,B,2022-01-16,Orly - 7O14 - LRBF,Elrod - 6E319 - LRBM,2022-04-22,Puppy Raising,Fingerlakes Puppy Raising Region
327,Emil,3E+22,Male,LR,B,2022-01-16,Orly - 7O14 - LRBF,Elrod - 6E319 - LRBM,2022-04-09,Puppy Raising,New Hampshire Puppy Raising Region
332,Brody,5C22,Male,LR,B,2022-01-08,Buttons - 4B19 - LRYF,Elton - 4EE20 - LRBM,2022-04-10,Puppy Raising,Capital NY Puppy Raising Region
333,Carly,8C22,Female,LR,Y,2022-01-08,Buttons - 4B19 - LRYF,Elton - 4EE20 - LRBM,2022-04-09,Puppy Raising,New Hampshire Puppy Raising Region
334,Blaze,1B22,Female,LR,Y,2022-01-06,Guava - 2G317 - LRYF,Wiggins - 8WW19 - LRBM,2022-03-20,Puppy Raising,Fingerlakes Puppy Raising Region
335,Blossom,7B22,Female,LR,B,2022-01-06,Guava - 2G317 - LRYF,Wiggins - 8WW19 - LRBM,2022-04-04,Puppy Raising,Catoctin Puppy Raising Region
337,Barclay,3B22,Male,LR,Y,2022-01-06,Guava - 2G317 - LRYF,Wiggins - 8WW19 - LRBM,2022-03-05,Puppy Raising,New Hampshire Puppy Raising Region
338,Biscuit,4B22,Female,LR,Y,2022-01-06,Guava - 2G317 - LRYF,Wiggins - 8WW19 - LRBM,2022-03-11,Puppy Raising,Northern NJ Puppy Raising Region
341,Artie,1A22,Male,LR,B,2022-01-02,Brio - S - 6B319 - LRYF,Darren - 4D20 - LRBM,2022-04-10,Puppy Raising,Bay Puppy Raising Region
346,Amber,5A22,Female,LR,B,2022-01-02,Brio - S - 6B319 - LRYF,Darren - 4D20 - LRBM,2022-03-20,Puppy Raising,Fingerlakes Puppy Raising Region
347,Archer,6A22,Male,LR,B,2022-01-02,Brio - S - 6B319 - LRYF,Darren - 4D20 - LRBM,2022-03-22,Puppy Raising,Richmond Puppy Raising Region
349,Walton,1W321,Male,LR,B,2021-12-29,Viv - 2VV18 - LRBF,Dasher - 6D418 - LRBM,2022-03-12,Puppy Raising,Eastern CT Puppy Raising Region
352,Wegman,4W321,Male,LR,B,2021-12-29,Viv - 2VV18 - LRBF,Dasher - 6D418 - LRBM,2022-03-31,Puppy Raising,Southern CT Puppy Raising region
353,Wafer,5W321,Female,LR,B,2021-12-29,Viv - 2VV18 - LRBF,Dasher - 6D418 - LRBM,2022-03-13,Puppy Raising,Eastern CT Puppy Raising Region
360,Vero,4V321,Male,LR,B,2021-12-22,Wanita - 5W18 - LRBF,Pablo - 3P319 - LRYM,2022-02-19,Puppy Raising,Baltimore Puppy Raising Region
361,Vasha,5V321,Female,LR,B,2021-12-22,Wanita - 5W18 - LRBF,Pablo - 3P319 - LRYM,2022-03-14,Puppy Raising,Central CT Puppy Raising Region
362,Valise,6V321,Female,LR,B,2021-12-22,Wanita - 5W18 - LRBF,Pablo - 3P319 - LRYM,2022-03-14,Puppy Raising,Maine Puppy Raising Region
363,Vale,7V321,Male,LR,B,2021-12-22,Wanita - 5W18 - LRBF,Pablo - 3P319 - LRYM,2022-03-22,Puppy Raising,North Carolina Puppy Raising Region
364,Vern,8V321,Male,LR,B,2021-12-22,Wanita - 5W18 - LRBF,Pablo - 3P319 - LRYM,2022-03-22,Puppy Raising,Rhode Island Puppy Raising Region
368,Tinsel,4T321,Female,LR,B,2021-12-19,Zayna - 5Z319 - LRYF,Opa - S - 5O319 - LRBM,2022-03-07,Puppy Raising,Westchester County Puppy Raising Region
369,Tim,2T321,Male,LR,B,2021-12-19,Zayna - 5Z319 - LRYF,Opa - S - 5O319 - LRBM,2022-03-13,Puppy Raising,Catoctin Puppy Raising Region
370,Token,3T321,Male,LR,Y,2021-12-19,Zayna - 5Z319 - LRYF,Opa - S - 5O319 - LRBM,2022-03-05,Puppy Raising,Westchester County Puppy Raising Region
372,Sophie,8S321,Female,LR,B,2021-12-18,Roz - 4RR18 - LRBF,Elrod - 6E319 - LRBM,2022-02-09,Puppy Raising,Maine Puppy Raising Region
373,Seager,6S321,Male,LR,B,2021-12-18,Roz - 4RR18 - LRBF,Elrod - 6E319 - LRBM,2022-03-10,Puppy Raising,Cleveland West Puppy Raising Region
375,Scarlett,2S321,Female,LR,B,2021-12-18,Roz - 4RR18 - LRBF,Elrod - 6E319 - LRBM,2022-03-11,Puppy Raising,Westchester County Puppy Raising Region
377,Sawyer,4S321,Male,LR,B,2021-12-18,Roz - 4RR18 - LRBF,Elrod - 6E319 - LRBM,2022-03-12,Puppy Raising,North Carolina Puppy Raising Region
378,Ruth,1R321,Female,LR,Y,2021-12-17,Evie - 4E417 - LRYF,Enrico - 7EE19 - LRBM,2022-02-17,Puppy Raising,Eastern CT Puppy Raising Region
381,Riley,4R321,Female,LR,Y,2021-12-17,Evie - 4E417 - LRYF,Enrico - 7EE19 - LRBM,2022-02-13,Puppy Raising,Eastern MA Puppy Raising Region
383,Rory,6R321,Female,LR,B,2021-12-17,Evie - 4E417 - LRYF,Enrico - 7EE19 - LRBM,2022-03-05,Puppy Raising,Maine Puppy Raising Region
384,Rumor,7R321,Female,LR,B,2021-12-17,Evie - 4E417 - LRYF,Enrico - 7EE19 - LRBM,2022-03-02,Puppy Raising,Capital NY Puppy Raising Region
385,Quella,4Q321,Female,LR,B,2021-12-07,Cammie - 3C418 - LRBF,Finn - 7F315 - LRYM,2022-02-23,Puppy Raising,Westchester County Puppy Raising Region
386,Quince,5Q321,Male,LR,B,2021-12-07,Cammie - 3C418 - LRBF,Finn - 7F315 - LRYM,2022-02-08,Puppy Raising,Delmarva Puppy Raising Region
387,Patience,1P321,Female,GS,B&T,2021-12-07,Duchess - 3DD19 - GSB&TF,Ogden - 5O314 - GSB&TM,2022-02-13,Puppy Raising,Cleveland East Puppy Raising Region
389,Penelope,3P321,Female,GS,B&T,2021-12-07,Duchess - 3DD19 - GSB&TF,Ogden - 5O314 - GSB&TM,2022-02-02,Puppy Raising,Southwestern VT Puppy Raising Region
390,Pete,4P321,Male,GS,B&T,2021-12-07,Duchess - 3DD19 - GSB&TF,Ogden - 5O314 - GSB&TM,2022-02-08,Puppy Raising,Bay Puppy Raising Region
392,Pierre,5P321,Male,GS,B&T,2021-12-07,Duchess - 3DD19 - GSB&TF,Ogden - 5O314 - GSB&TM,2022-02-08,Puppy Raising,Prince William Puppy Raising Region
393,Queenie,2Q321,Female,LR,B,2021-12-07,Cammie - 3C418 - LRBF,Finn - 7F315 - LRYM,2022-02-08,Puppy Raising,Bay Puppy Raising Region
395,Orissa,2O321,Female,LR,B,2021-12-04,Zelda - 1Z319 - LRBF,Baron - 4B20 - LRBM,2022-01-27,Puppy Raising,Southwestern VT Puppy Raising Region
397,Nemo,4N321,Male,LR,Y,2021-12-02,Goldie - 1G20 - LRYF,Eduardo - 4E419 - LRYM,2022-01-29,Puppy Raising,Northern NJ Puppy Raising Region
398,Norris,5N321,Male,LR,Y,2021-12-02,Goldie - 1G20 - LRYF,Eduardo - 4E419 - LRYM,2022-02-13,Puppy Raising,Cleveland East Puppy Raising Region
400,Noodle,1N321,Male,LR,Y,2021-12-02,Goldie - 1G20 - LRYF,Eduardo - 4E419 - LRYM,2022-01-30,Puppy Raising,Baltimore Puppy Raising Region
401,Nitro,2N321,Male,LR,Y,2021-12-02,Goldie - 1G20 - LRYF,Eduardo - 4E419 - LRYM,2022-02-09,Puppy Raising,Monroe NY Puppy Raising Region
404,Millie,5M321,Female,LR,Y,2021-11-26,Sally - 5S19 - LRBF,Charlie - 10CC17 - LRYM,2022-02-13,Puppy Raising,Cleveland East Puppy Raising Region
405,Moira,6M321,Female,LR,Y,2021-11-26,Sally - 5S19 - LRBF,Charlie - 10CC17 - LRYM,2022-02-08,Puppy Raising,Delmarva Puppy Raising Region
407,Lash,2L321,Male,LR,B,2021-11-19,Fortune - 4F318 - LRYF,Bosley - 1B418 - LRBM,2022-01-14,Puppy Raising,New Hampshire Puppy Raising Region
408,Layla,3L321,Female,LR,Y,2021-11-19,Fortune - 4F318 - LRYF,Bosley - 1B418 - LRBM,2022-01-15,Puppy Raising,Erie NY Puppy Raising Region
413,Liam,9L321,Male,LR,Y,2021-11-19,Fortune - 4F318 - LRYF,Bosley - 1B418 - LRBM,2022-02-05,Puppy Raising,Leatherstocking NY Puppy Raising Region
416,Kenji,2K321,Male,GS,B&T,2021-11-17,Shea - 5SS18 - GSBF,Eric - 2E19 - GSB&TM,2022-01-15,Puppy Raising,Bay Puppy Raising Region
419,Jenkins,2J321,Male,LR,Y,2021-11-15,Liza - 5L318 - LRBF,Shadow - 1S19 - LRBM,2022-01-14,Puppy Raising,Central NY Puppy Raising Region
420,Justice,4J321,Female,LR,Y,2021-11-15,Liza - 5L318 - LRBF,Shadow - 1S19 - LRBM,2022-01-14,Puppy Raising,Central NY Puppy Raising Region
421,Jose,5J321,Male,LR,B,2021-11-15,Liza - 5L318 - LRBF,Shadow - 1S19 - LRBM,2022-02-24,Puppy Raising,Adirondack Puppy Raising Region
425,Izzie,4I321,Female,LR,B,2021-11-05,Zula - S - 4A317 - LRYF,Darren - 4D20 - LRBM,2022-01-12,Puppy Raising,Southern CT Puppy Raising region
426,Imus,6I321,Male,LR,B,2021-11-05,Zula - S - 4A317 - LRYF,Darren - 4D20 - LRBM,2022-01-08,Puppy Raising,Leatherstocking NY Puppy Raising Region
427,Idaho,5I321,Male,LR,B,2021-11-05,Zula - S - 4A317 - LRYF,Darren - 4D20 - LRBM,2022-01-30,Puppy Raising,Catoctin Puppy Raising Region
429,Ira,1I321,Male,LR,B,2021-11-05,Zula - S - 4A317 - LRYF,Darren - 4D20 - LRBM,2022-01-08,Puppy Raising,Central NY Puppy Raising Region
430,Harvard,8H321,Male,LR,B,2021-11-03,Mildred - 1M315 - LRBF,Odin - 5OO19 - LRBM,2022-03-07,Puppy Raising,Westchester County Puppy Raising Region
432,Hans,3H321,Male,LR,B,2021-11-03,Mildred - 1M315 - LRBF,Odin - 5OO19 - LRBM,2022-01-19,Puppy Raising,Delmarva Puppy Raising Region
435,Havana,6H321,Female,LR,B,2021-11-03,Mildred - 1M315 - LRBF,Odin - 5OO19 - LRBM,2022-01-18,Puppy Raising,Erie NY Puppy Raising Region
436,Sama,3G321,Female,LR,B,2021-10-23,Lark - 4L18 - LRBF,Gerald - 7G20 - LRYM,2021-12-19,Puppy Raising,Montgomery Puppy Raising Region
438,Gary,6G321,Male,LR,Y,2021-10-23,Lark - 4L18 - LRBF,Gerald - 7G20 - LRYM,2021-12-19,Puppy Raising,Montgomery Puppy Raising Region
439,Greer,7G321,Female,LR,Y,2021-10-23,Lark - 4L18 - LRBF,Gerald - 7G20 - LRYM,2021-12-19,Puppy Raising,Bay Puppy Raising Region
440,Gable,8G321,Male,LR,B,2021-10-23,Lark - 4L18 - LRBF,Gerald - 7G20 - LRYM,2022-01-15,Puppy Raising,Fingerlakes Puppy Raising Region
441,Grant,5G321,Male,LR,B,2021-10-23,Lark - 4L18 - LRBF,Gerald - 7G20 - LRYM,2021-12-19,Puppy Raising,Delmarva Puppy Raising Region
444,Fenway,1F321,Male,LR,Y,2021-10-11,MacKenzie - S - 2M18 - LRYF,Midnight - 4M19 - LRBM,2022-01-12,Puppy Raising,Cleveland West Puppy Raising Region
445,Francie,2F321,Female,LR,Y,2021-10-11,MacKenzie - S - 2M18 - LRYF,Midnight - 4M19 - LRBM,2021-12-11,Puppy Raising,Columbus Puppy Raising Region
447,Francesca,4F321,Female,LR,B,2021-10-11,MacKenzie - S - 2M18 - LRYF,Midnight - 4M19 - LRBM,2022-01-15,Puppy Raising,Eastern CT Puppy Raising Region
449,Freddie,7F321,Male,LR,Y,2021-10-11,MacKenzie - S - 2M18 - LRYF,Midnight - 4M19 - LRBM,2022-01-15,Puppy Raising,Monroe NY Puppy Raising Region
452,Deverick,2D321,Male,GS,SABL,2021-10-10,Tawny - 1T318 - GSSABLF,Rugby - 2R319 - GSSABLM,2021-12-09,Puppy Raising,Fingerlakes Puppy Raising Region
453,Dove,3D321,Female,GS,SABL,2021-10-10,Tawny - 1T318 - GSSABLF,Rugby - 2R319 - GSSABLM,2021-12-09,Puppy Raising,Cleveland East Puppy Raising Region
454,Dixie,4D321,Female,GS,B&T,2021-10-10,Tawny - 1T318 - GSSABLF,Rugby - 2R319 - GSSABLM,2021-12-11,Puppy Raising,Cleveland West Puppy Raising Region
456,Egypt,2E321,Female,LR,B,2021-10-10,Ona - 6O19 - LRBF,Disney - 7D419 - LRB&TM,2021-12-09,Puppy Raising,Southern Tier NY Puppy Raising Region
458,Empire,4E321,Male,LR,B,2021-10-10,Ona - 6O19 - LRBF,Disney - 7D419 - LRB&TM,2021-12-19,Puppy Raising,Bay Puppy Raising Region
459,Ezzie,6E321,Female,LR,B,2021-10-10,Ona - 6O19 - LRBF,Disney - 7D419 - LRB&TM,2021-12-14,Puppy Raising,Northern CT Puppy Raising Region
460,Elwood,7E321,Male,LR,B,2021-10-10,Ona - 6O19 - LRBF,Disney - 7D419 - LRB&TM,2021-12-09,Puppy Raising,Cattaraugus Puppy Raising Region
461,Edwina,8E321,Female,LR,B,2021-10-10,Ona - 6O19 - LRBF,Disney - 7D419 - LRB&TM,2022-01-15,Puppy Raising,Erie NY Puppy Raising Region
463,Crystal,2C321,Female,LR,Y,2021-10-06,Bonnie - 4B18 - LRYF,Opa - S - 5O319 - LRBM,2021-12-30,Puppy Raising,Cleveland East Puppy Raising Region
464,Champ,3C321,Male,LR,Y,2021-10-06,Bonnie - 4B18 - LRYF,Opa - S - 5O319 - LRBM,2021-12-19,Puppy Raising,Colorado Puppy Raising Region
465,Cadbury,4C321,Male,LR,B,2021-10-06,Bonnie - 4B18 - LRYF,Opa - S - 5O319 - LRBM,2021-12-14,Puppy Raising,Northern NJ Puppy Raising Region
466,Charlotte,5C321,Female,LR,B,2021-10-06,Bonnie - 4B18 - LRYF,Opa - S - 5O319 - LRBM,2021-12-14,Puppy Raising,Montgomery Puppy Raising Region
467,Cersei,6C321,Female,LR,Y,2021-10-06,Bonnie - 4B18 - LRYF,Opa - S - 5O319 - LRBM,2021-12-07,Puppy Raising,Colorado Puppy Raising Region
469,Breeze,1B321,Female,LR,B,2021-10-02,Dusk - 7D418 - LRBF,Everett - 1E419 - LRYM,2021-12-09,Puppy Raising,Cleveland West Puppy Raising Region
470,Benny,7B321,Male,LR,B,2021-10-02,Dusk - 7D418 - LRBF,Everett - 1E419 - LRYM,2022-01-09,Puppy Raising,Dominion Puppy Raising Region
473,Bagel,4B321,Female,LR,B,2021-10-02,Dusk - 7D418 - LRBF,Everett - 1E419 - LRYM,2021-12-09,Puppy Raising,Cleveland West Puppy Raising Region
474,Barry,5B321,Male,LR,B,2021-10-02,Dusk - 7D418 - LRBF,Everett - 1E419 - LRYM,2022-01-09,Puppy Raising,Dominion Puppy Raising Region
475,Betty,6B321,Female,LR,B,2021-10-02,Dusk - 7D418 - LRBF,Everett - 1E419 - LRYM,2021-12-19,Puppy Raising,Montgomery Puppy Raising Region
477,Archie,1A321,Male,LR,B,2021-10-02,Coco - S - 1C418 - LRBF,Darren - 4D20 - LRBM,2021-12-14,Puppy Raising,Eastern MA Puppy Raising Region
481,Aura,6A321,Female,LR,B,2021-10-02,Coco - S - 1C418 - LRBF,Darren - 4D20 - LRBM,2021-12-08,Puppy Raising,Maine Puppy Raising Region
482,Autumn,5A321,Female,LR,B,2021-10-02,Coco - S - 1C418 - LRBF,Darren - 4D20 - LRBM,2022-01-15,Puppy Raising,Fingerlakes Puppy Raising Region
483,Annabelle,7A321,Female,LR,B,2021-10-02,Coco - S - 1C418 - LRBF,Darren - 4D20 - LRBM,2021-12-03,Puppy Raising,Richmond Puppy Raising Region
484,Artemis,8A321,Male,LR,B,2021-10-02,Coco - S - 1C418 - LRBF,Darren - 4D20 - LRBM,2022-01-14,Puppy Raising,Baltimore Puppy Raising Region
487,Zest,6ZZ21,Male,LR,Y,2021-09-24,Nyla - 2N319 - LRYF,Everett - 1E419 - LRYM,2021-12-06,Puppy Raising,Dutchess NY Puppy Raising Region
488,Ziti,8ZZ21,Female,LR,Y,2021-09-24,Nyla - 2N319 - LRYF,Everett - 1E419 - LRYM,2021-11-23,Puppy Raising,Rhode Island Puppy Raising Region
490,Zephyr,1ZZ21,Female,LR,Y,2021-09-24,Nyla - 2N319 - LRYF,Everett - 1E419 - LRYM,2021-12-03,Puppy Raising,Maine Puppy Raising Region
491,Zeb,2ZZ21,Male,LR,Y,2021-09-24,Nyla - 2N319 - LRYF,Everett - 1E419 - LRYM,2021-11-19,Puppy Raising,Central CT Puppy Raising Region
492,Zach,3ZZ21,Male,LR,Y,2021-09-24,Nyla - 2N319 - LRYF,Everett - 1E419 - LRYM,2021-12-11,Puppy Raising,Columbus Puppy Raising Region
494,Yonder,2YY21,Male,LR,B,2021-09-23,Kyra - 5KK18 - LRBF,Enrico - 7EE19 - LRBM,2021-12-09,Puppy Raising,Monroe NY Puppy Raising Region
495,Yorktown,6YY21,Male,LR,B,2021-09-23,Kyra - 5KK18 - LRBF,Enrico - 7EE19 - LRBM,2021-11-20,Puppy Raising,New Hampshire Puppy Raising Region
496,Yara,3YY21,Female,LR,B,2021-09-23,Kyra - 5KK18 - LRBF,Enrico - 7EE19 - LRBM,2021-12-11,Puppy Raising,Columbus Puppy Raising Region
498,Yang,5YY21,Male,LR,Y,2021-09-23,Kyra - 5KK18 - LRBF,Enrico - 7EE19 - LRBM,2021-12-03,Puppy Raising,SWCT Puppy Raising Region
502,Vidal,7VV21,Male,LR,B&T,2021-09-09,Noni - 2N18 - LRBF,Elrod - 6E319 - LRBM,2021-11-14,Puppy Raising,Cleveland West Puppy Raising Region
503,Vroom,8VV21,Male,LR,B,2021-09-09,Noni - 2N18 - LRBF,Elrod - 6E319 - LRBM,2021-11-14,Puppy Raising,Montgomery Puppy Raising Region
507,Velma,3VV21,Female,LR,B,2021-09-09,Noni - 2N18 - LRBF,Elrod - 6E319 - LRBM,2021-11-17,Puppy Raising,Northern NJ Puppy Raising Region
508,Volt,4VV21,Male,LR,B&T,2021-09-09,Noni - 2N18 - LRBF,Elrod - 6E319 - LRBM,2021-11-04,Puppy Raising,Cleveland East Puppy Raising Region
509,Uriel,1UU21,Female,GS,B&T,2021-09-05,Rue - 4R17 - GSB&TF,Kayden FGDF K28- - KAYDEN - GSSABLM *NOP*,2021-10-28,Puppy Raising,Northern CT Puppy Raising Region
510,Ubie,2UU21,Male,GS,SABL,2021-09-05,Rue - 4R17 - GSB&TF,Kayden FGDF K28- - KAYDEN - GSSABLM *NOP*,2021-10-28,Puppy Raising,Northern CT Puppy Raising Region
511,Uno,3UU21,Male,GS,B&T,2021-09-05,Rue - 4R17 - GSB&TF,Kayden FGDF K28- - KAYDEN - GSSABLM *NOP*,2021-11-02,Puppy Raising,Wayne County Puppy Raising Region
512,Trooper,1TT21,Male,GS,B&T,2021-09-02,Emery - 4E19 - GSB&TF,Ogden - 5O314 - GSB&TM,2021-10-28,Puppy Raising,Richmond Puppy Raising Region
513,Thunder,2TT21,Male,GS,B&T,2021-09-02,Emery - 4E19 - GSB&TF,Ogden - 5O314 - GSB&TM,2021-10-28,Puppy Raising,Bay Puppy Raising Region
515,Tripp,3TT21,Male,GS,B&T,2021-09-02,Emery - 4E19 - GSB&TF,Ogden - 5O314 - GSB&TM,2021-10-29,Puppy Raising,Southern CT Puppy Raising region
517,Truman,5TT21,Male,GS,B&T,2021-09-02,Emery - 4E19 - GSB&TF,Ogden - 5O314 - GSB&TM,2021-10-29,Puppy Raising,Central NY Puppy Raising Region
522,Sal,3SS21,Male,LR,B,2021-09-01,Alibi - 2A416 - LRBF,Colonel - 2C319 - LRYM,2021-11-05,Puppy Raising,Maine Puppy Raising Region
523,Soldier,4SS21,Male,LR,Y,2021-09-01,Alibi - 2A416 - LRBF,Colonel - 2C319 - LRYM,2021-11-06,Puppy Raising,Prince William Puppy Raising Region
525,Rocket,1RR21,Male,GS,B&T,2021-08-27,Jenny - 1JJ18 - GSB&TF,Kane - 7K319 - GSB&TM,2021-10-28,Puppy Raising,Colorado Puppy Raising Region
526,Rosie,2RR21,Female,GS,B&T,2021-08-27,Jenny - 1JJ18 - GSB&TF,Kane - 7K319 - GSB&TM,2021-10-28,Puppy Raising,Eastern CT Puppy Raising Region
527,Robin,3RR21,Female,GS,B&T,2021-08-27,Jenny - 1JJ18 - GSB&TF,Kane - 7K319 - GSB&TM,2021-10-29,Puppy Raising,Erie NY Puppy Raising Region
528,Roberto,4RR21,Male,GS,B&T,2021-08-27,Jenny - 1JJ18 - GSB&TF,Kane - 7K319 - GSB&TM,2021-10-29,Puppy Raising,Cleveland West Puppy Raising Region
529,Penny,1PP21,Female,LR,B,2021-08-19,Oma - S - 1OO15 - LRYF,Dover - 3D19 - LRBM,2021-10-28,Puppy Raising,Columbus Puppy Raising Region
530,Parker,3PP21,Male,LR,B,2021-08-19,Oma - S - 1OO15 - LRYF,Dover - 3D19 - LRBM,2021-10-28,Puppy Raising,Bay Puppy Raising Region
531,Petey,2PP21,Male,LR,Y,2021-08-19,Oma - S - 1OO15 - LRYF,Dover - 3D19 - LRBM,2021-11-05,Puppy Raising,Maine Puppy Raising Region
532,Polly,4PP21,Female,LR,B,2021-08-19,Oma - S - 1OO15 - LRYF,Dover - 3D19 - LRBM,2021-10-28,Puppy Raising,Montgomery Puppy Raising Region
533,Pepper,5PP21,Female,LR,B,2021-08-19,Oma - S - 1OO15 - LRYF,Dover - 3D19 - LRBM,2021-10-28,Puppy Raising,Montgomery Puppy Raising Region
535,Pixie,6PP21,Female,LR,B,2021-08-19,Oma - S - 1OO15 - LRYF,Dover - 3D19 - LRBM,2021-10-25,Puppy Raising,Cleveland East Puppy Raising Region
536,Pepsi,9PP21,Female,LR,B,2021-08-19,Oma - S - 1OO15 - LRYF,Dover - 3D19 - LRBM,2021-10-28,Puppy Raising,Richmond Puppy Raising Region
537,Quartz,6QQ21,Female,LR,B,2021-08-19,Okemo - 7OO19 - LRBF,Donny - 2D419 - LRBM,2021-10-25,Puppy Raising,Cleveland East Puppy Raising Region
538,Quest,8QQ21,Female,LR,Y,2021-08-19,Okemo - 7OO19 - LRBF,Donny - 2D419 - LRBM,2021-10-28,Puppy Raising,Montgomery Puppy Raising Region
539,Quaid,7QQ21,Male,LR,B,2021-08-19,Okemo - 7OO19 - LRBF,Donny - 2D419 - LRBM,2021-10-28,Puppy Raising,Montgomery Puppy Raising Region
540,Orzo,1OO21,Female,LR,Y,2021-08-16,Essence - 3EE18 - LRBF,Enrico - 7EE19 - LRBM,2021-10-25,Puppy Raising,Columbus Puppy Raising Region
541,Ollie,2OO21,Male,LR,B,2021-08-16,Essence - 3EE18 - LRBF,Enrico - 7EE19 - LRBM,2021-10-16,Puppy Raising,Cattaraugus Puppy Raising Region
542,Ocean,4OO21,Female,LR,Y,2021-08-16,Essence - 3EE18 - LRBF,Enrico - 7EE19 - LRBM,2021-10-12,Puppy Raising,Southern CT Puppy Raising region
543,Oasis,7OO21,Female,LR,B,2021-08-16,Essence - 3EE18 - LRBF,Enrico - 7EE19 - LRBM,2021-11-23,Puppy Raising,SWCT Puppy Raising Region
544,Onslo,5OO21,Male,LR,Y,2021-08-16,Essence - 3EE18 - LRBF,Enrico - 7EE19 - LRBM,2021-10-25,Puppy Raising,Bay Puppy Raising Region
545,Ohana,9OO21,Female,LR,B,2021-08-16,Essence - 3EE18 - LRBF,Enrico - 7EE19 - LRBM,2021-10-29,Puppy Raising,Columbus Puppy Raising Region
548,Nelson,1NN21,Male,LR,B,2021-08-11,Gibby - 2G19 - LRBF,Finn - 7F315 - LRYM,2021-10-14,Puppy Raising,Monroe NY Puppy Raising Region
549,Ned,2NN21,Male,LR,B,2021-08-11,Gibby - 2G19 - LRBF,Finn - 7F315 - LRYM,2021-10-28,Puppy Raising,Richmond Puppy Raising Region
550,Nikki,5NN21,Female,LR,B,2021-08-11,Gibby - 2G19 - LRBF,Finn - 7F315 - LRYM,2021-10-22,Puppy Raising,North Carolina Puppy Raising Region
552,Neon,7NN21,Female,LR,B,2021-08-11,Gibby - 2G19 - LRBF,Finn - 7F315 - LRYM,2021-10-22,Puppy Raising,North Carolina Puppy Raising Region
553,Nestle,8NN21,Female,LR,B,2021-08-11,Gibby - 2G19 - LRBF,Finn - 7F315 - LRYM,2021-10-22,Puppy Raising,SWCT Puppy Raising Region
555,Merijul,4MM21,Female,LR,B,2021-08-07,Promise - 2P319 - LRYF,Shadow - 1S19 - LRBM,2021-10-08,Puppy Raising,Eastern MA Puppy Raising Region
556,MacGyver,5MM21,Male,LR,Y,2021-08-07,Promise - 2P319 - LRYF,Shadow - 1S19 - LRBM,2021-10-16,Puppy Raising,Erie NY Puppy Raising Region
558,Mandy,2MM21,Female,LR,B,2021-08-07,Promise - 2P319 - LRYF,Shadow - 1S19 - LRBM,2021-10-16,Puppy Raising,Erie NY Puppy Raising Region
559,Macro,3MM21,Male,LR,Y,2021-08-07,Promise - 2P319 - LRYF,Shadow - 1S19 - LRBM,2021-09-30,Puppy Raising,Capital NY Puppy Raising Region
564,Laurel,1LL21,Female,LR,B,2021-08-05,Nell - 7N416 - LRBF,Donny - 2D419 - LRBM,2021-10-18,Puppy Raising,Region
566,Lacy,2LL21,Female,LR,B,2021-08-05,Nell - 7N416 - LRBF,Donny - 2D419 - LRBM,2021-10-03,Puppy Raising,Maine Puppy Raising Region
567,Lyons,4LL21,Male,LR,B,2021-08-05,Nell - 7N416 - LRBF,Donny - 2D419 - LRBM,2021-09-30,Puppy Raising,Wayne County Puppy Raising Region
569,Kava,1KK21,Female,LR,B,2021-07-27,Crumpet - 9C19 - LRBF,Dasher - 6D418 - LRBM,2021-10-03,Puppy Raising,Maine Puppy Raising Region
570,Keats,2KK21,Male,LR,B,2021-07-27,Crumpet - 9C19 - LRBF,Dasher - 6D418 - LRBM,2021-10-06,Puppy Raising,Cleveland East Puppy Raising Region
571,Kona,3KK21,Female,LR,B,2021-07-27,Crumpet - 9C19 - LRBF,Dasher - 6D418 - LRBM,2021-10-09,Puppy Raising,Westchester County Puppy Raising Region
573,Krissy,4KK21,Female,LR,B,2021-07-27,Crumpet - 9C19 - LRBF,Dasher - 6D418 - LRBM,2021-09-22,Puppy Raising,Montgomery Puppy Raising Region
574,Kennedy,5KK21,Female,LR,B,2021-07-27,Crumpet - 9C19 - LRBF,Dasher - 6D418 - LRBM,2021-10-06,Puppy Raising,SWCT Puppy Raising Region
575,Kobe,6KK21,Male,LR,B,2021-07-27,Crumpet - 9C19 - LRBF,Dasher - 6D418 - LRBM,2021-10-03,Puppy Raising,Maine Puppy Raising Region
580,Jewels,3JJ21,Female,LR,B,2021-07-14,Colleen - 8C319 - LRYF,Waldo - 5W319 - LRBM,2021-09-12,Puppy Raising,Dominion Puppy Raising Region
582,Jethro,4JJ21,Male,LR,B,2021-07-14,Colleen - 8C319 - LRYF,Waldo - 5W319 - LRBM,2021-09-22,Puppy Raising,Montgomery Puppy Raising Region
583,Jiffy,5JJ21,Female,LR,Y,2021-07-14,Colleen - 8C319 - LRYF,Waldo - 5W319 - LRBM,2021-09-26,Puppy Raising,Baltimore Puppy Raising Region
585,Ingrid,6II21,Female,LR,Y,2021-07-12,Farrah - 9F318 - LRYF,Gomer - 4G319 - LRYM,2021-09-11,Puppy Raising,Westchester County Puppy Raising Region
586,Ike,1II21,Male,LR,Y,2021-07-12,Farrah - 9F318 - LRYF,Gomer - 4G319 - LRYM,2021-09-26,Puppy Raising,Dominion Puppy Raising Region
588,Ian,3II21,Male,LR,Y,2021-07-12,Farrah - 9F318 - LRYF,Gomer - 4G319 - LRYM,2021-09-15,Puppy Raising,Cleveland East Puppy Raising Region
589,India,4II21,Female,LR,Y,2021-07-12,Farrah - 9F318 - LRYF,Gomer - 4G319 - LRYM,2021-09-25,Puppy Raising,Wayne County Puppy Raising Region
590,Hawaii,3HH21,Female,LR,Y,2021-07-09,Emblem - 6EE19 - LRYF,Duke - 2DD17 - LRB&TM,2021-09-09,Puppy Raising,New Hampshire Puppy Raising Region
591,Hazy,4HH21,Female,LR,B,2021-07-09,Emblem - 6EE19 - LRYF,Duke - 2DD17 - LRB&TM,2021-09-09,Puppy Raising,Colorado Puppy Raising Region
593,Halsey,7HH21,Female,LR,B,2021-07-09,Emblem - 6EE19 - LRYF,Duke - 2DD17 - LRB&TM,2021-09-12,Puppy Raising,Dominion Puppy Raising Region
594,Harry,8HH21,Male,LR,B,2021-07-09,Emblem - 6EE19 - LRYF,Duke - 2DD17 - LRB&TM,2021-09-09,Puppy Raising,Colorado Puppy Raising Region
595,Hildy,9HH21,Female,LR,B,2021-07-09,Emblem - 6EE19 - LRYF,Duke - 2DD17 - LRB&TM,2021-09-09,Puppy Raising,New Hampshire Puppy Raising Region
597,Hal,10HH21,Male,LR,Y,2021-07-09,Emblem - 6EE19 - LRYF,Duke - 2DD17 - LRB&TM,2021-09-15,Puppy Raising,Cleveland West Puppy Raising Region
598,Hayley,2HH21,Female,LR,Y,2021-07-09,Emblem - 6EE19 - LRYF,Duke - 2DD17 - LRB&TM,2021-09-12,Puppy Raising,Leatherstocking NY Puppy Raising Region
599,Howard,6HH21,Male,LR,B,2021-07-09,Emblem - 6EE19 - LRYF,Duke - 2DD17 - LRB&TM,2021-09-25,Puppy Raising,Leatherstocking NY Puppy Raising Region
600,Gusto,1GG21,Male,LR,Y,2021-07-05,Quay - 4QQ19 - LRBF,Everett - 1E419 - LRYM,2021-09-08,Puppy Raising,Cleveland West Puppy Raising Region
601,Gadget,2GG21,Male,LR,Y,2021-07-05,Quay - 4QQ19 - LRBF,Everett - 1E419 - LRYM,2021-09-15,Puppy Raising,Cleveland East Puppy Raising Region
602,Georgie,3GG21,Female,LR,Y,2021-07-05,Quay - 4QQ19 - LRBF,Everett - 1E419 - LRYM,2021-09-01,Puppy Raising,North Carolina Puppy Raising Region
603,Ferris,1FF21,Male,LR,B,2021-07-02,Oksana - 6OO19 - LRBF,Gomer - 4G319 - LRYM,2021-09-10,Puppy Raising,Dutchess NY Puppy Raising Region
604,Flyer,9FF21,Male,LR,B,2021-07-02,Oksana - 6OO19 - LRBF,Gomer - 4G319 - LRYM,2021-08-28,Puppy Raising,Dutchess NY Puppy Raising Region
606,Felice,11FF21,Female,LR,B,2021-07-02,Oksana - 6OO19 - LRBF,Gomer - 4G319 - LRYM,2021-10-06,Puppy Raising,Adirondack Puppy Raising Region
608,Ford,6FF21,Male,LR,B,2021-07-02,Oksana - 6OO19 - LRBF,Gomer - 4G319 - LRYM,2021-09-09,Puppy Raising,SWCT Puppy Raising Region
610,Flint,2FF21,Male,LR,B,2021-07-02,Oksana - 6OO19 - LRBF,Gomer - 4G319 - LRYM,2021-09-07,Puppy Raising,Dominion Puppy Raising Region
611,Fern,3FF21,Female,LR,B,2021-07-02,Oksana - 6OO19 - LRBF,Gomer - 4G319 - LRYM,2021-09-04,Puppy Raising,Fingerlakes Puppy Raising Region
612,Frodo,4FF21,Male,LR,B,2021-07-02,Oksana - 6OO19 - LRBF,Gomer - 4G319 - LRYM,2021-09-15,Puppy Raising,Cleveland West Puppy Raising Region
615,Elliott,3EE21,Male,LR,B,2021-06-29,Frannie - 2FF17 - LRBF,Dasher - 6D418 - LRBM,2021-08-28,Puppy Raising,Capital NY Puppy Raising Region
616,Ephram,4EE21,Male,LR,B,2021-06-29,Frannie - 2FF17 - LRBF,Dasher - 6D418 - LRBM,2021-09-25,Puppy Raising,Northern NJ Puppy Raising Region
619,Elmer,7EE21,Male,LR,B,2021-06-29,Frannie - 2FF17 - LRBF,Dasher - 6D418 - LRBM,2021-10-20,Puppy Raising,Eastern MA Puppy Raising Region
620,Elroy,8EE21,Male,LR,B,2021-06-29,Frannie - 2FF17 - LRBF,Dasher - 6D418 - LRBM,2021-08-26,Puppy Raising,Dutchess NY Puppy Raising Region
621,Danielle,7DD21,Female,LR,B,2021-06-24,Caprice - 8C318 - LRBF,Ryan - 9RR17 - LRYM,2021-08-21,Puppy Raising,Maine Puppy Raising Region
623,Chi,7CC21,Female,LR,B,2021-06-24,Fendi - 4F17 - LRBF,Elrod - 6E319 - LRBM,2021-08-19,Puppy Raising,Wayne County Puppy Raising Region
624,Casey,3CC21,Male,LR,B,2021-06-24,Fendi - 4F17 - LRBF,Elrod - 6E319 - LRBM,2021-08-19,Puppy Raising,Wayne County Puppy Raising Region
626,Cuba,4CC21,Female,LR,B,2021-06-24,Fendi - 4F17 - LRBF,Elrod - 6E319 - LRBM,2021-08-19,Puppy Raising,Wayne County Puppy Raising Region
627,Colette,5CC21,Female,LR,B,2021-06-24,Fendi - 4F17 - LRBF,Elrod - 6E319 - LRBM,2021-08-27,Puppy Raising,Eastern MA Puppy Raising Region
628,Cobey,6CC21,Male,LR,B,2021-06-24,Fendi - 4F17 - LRBF,Elrod - 6E319 - LRBM,2021-08-24,Puppy Raising,SWCT Puppy Raising Region
629,Dante,2DD21,Male,LR,B,2021-06-24,Caprice - 8C318 - LRBF,Ryan - 9RR17 - LRYM,2021-08-20,Puppy Raising,Montgomery Puppy Raising Region
630,Diesel,6DD21,Male,LR,B,2021-06-24,Caprice - 8C318 - LRBF,Ryan - 9RR17 - LRYM,2021-08-20,Puppy Raising,Richmond Puppy Raising Region
631,Dancer,1DD21,Female,LR,B,2021-06-24,Caprice - 8C318 - LRBF,Ryan - 9RR17 - LRYM,2021-08-26,Puppy Raising,Cleveland West Puppy Raising Region
632,Dexter,3DD21,Male,LR,B,2021-06-24,Caprice - 8C318 - LRBF,Ryan - 9RR17 - LRYM,2021-08-20,Puppy Raising,Montgomery Puppy Raising Region
634,Betty Ann,2BB21,Female,LR,B,2021-06-18,Buttons - 4B19 - LRYF,Arnie - 2A418 - LRBM,2021-08-20,Puppy Raising,Richmond Puppy Raising Region
637,Bunnie,4BB21,Female,LR,B,2021-06-18,Buttons - 4B19 - LRYF,Arnie - 2A418 - LRBM,2021-08-14,Puppy Raising,Central CT Puppy Raising Region
638,Arden,1AA21,Female,LR,Y,2021-06-17,Violet - 3VV19 - LRYF,Kisco - 6KK18 - LRYM,2021-08-12,Puppy Raising,Fingerlakes Puppy Raising Region
639,Augie,2AA21,Male,LR,Y,2021-06-17,Violet - 3VV19 - LRYF,Kisco - 6KK18 - LRYM,2021-08-20,Puppy Raising,Baltimore Puppy Raising Region
640,Annalise,8AA21,Female,LR,Y,2021-06-17,Violet - 3VV19 - LRYF,Kisco - 6KK18 - LRYM,2021-08-20,Puppy Raising,Richmond Puppy Raising Region
641,Aqua,3AA21,Female,LR,Y,2021-06-17,Violet - 3VV19 - LRYF,Kisco - 6KK18 - LRYM,2021-08-20,Puppy Raising,Montgomery Puppy Raising Region
642,Amaya,4AA21,Female,LR,Y,2021-06-17,Violet - 3VV19 - LRYF,Kisco - 6KK18 - LRYM,2021-08-12,Puppy Raising,Cattaraugus Puppy Raising Region
643,Angelica,5AA21,Female,LR,Y,2021-06-17,Violet - 3VV19 - LRYF,Kisco - 6KK18 - LRYM,2021-08-20,Puppy Raising,Richmond Puppy Raising Region
644,Alyssa,6AA21,Female,LR,Y,2021-06-17,Violet - 3VV19 - LRYF,Kisco - 6KK18 - LRYM,2021-08-14,Puppy Raising,Central CT Puppy Raising Region
645,Alec,7AA21,Male,LR,Y,2021-06-17,Violet - 3VV19 - LRYF,Kisco - 6KK18 - LRYM,2021-08-14,Puppy Raising,Fingerlakes Puppy Raising Region
646,Adele,9AA21,Female,LR,Y,2021-06-17,Violet - 3VV19 - LRYF,Kisco - 6KK18 - LRYM,2021-08-12,Puppy Raising,Fingerlakes Puppy Raising Region
647,Yale,2Y21,Male,LR,B,2021-06-15,Raelyn - 8R318 - LRBF,Gomer - 4G319 - LRYM,2021-08-26,Puppy Raising,Cleveland West Puppy Raising Region
650,Yukon,1Y21,Male,LR,Y,2021-06-15,Raelyn - 8R318 - LRBF,Gomer - 4G319 - LRYM,2021-08-11,Puppy Raising,Dutchess NY Puppy Raising Region
651,Yoga,3Y21,Female,LR,Y,2021-06-15,Raelyn - 8R318 - LRBF,Gomer - 4G319 - LRYM,2021-08-11,Puppy Raising,Eastern MA Puppy Raising Region
652,Windy,3W21,Female,LR,B,2021-06-10,Nadine - 2N318 - LRBF,Odin - 5OO19 - LRBM,2021-08-12,Puppy Raising,Erie NY Puppy Raising Region
654,Winsome,5W21,Female,LR,B,2021-06-10,Nadine - 2N318 - LRBF,Odin - 5OO19 - LRBM,2021-08-08,Puppy Raising,Columbus Puppy Raising Region
655,Webster,1W21,Male,LR,B,2021-06-10,Nadine - 2N318 - LRBF,Odin - 5OO19 - LRBM,2021-08-07,Puppy Raising,Montgomery Puppy Raising Region
656,Wella,6W21,Female,LR,B,2021-06-10,Nadine - 2N318 - LRBF,Odin - 5OO19 - LRBM,2021-08-08,Puppy Raising,Cleveland East Puppy Raising Region
657,Whimsey,7W21,Female,LR,B,2021-06-10,Nadine - 2N318 - LRBF,Odin - 5OO19 - LRBM,2021-08-12,Puppy Raising,Eastern MA Puppy Raising Region
659,Wrangler,8W21,Male,LR,B,2021-06-10,Nadine - 2N318 - LRBF,Odin - 5OO19 - LRBM,2021-08-08,Puppy Raising,Cleveland West Puppy Raising Region
661,Viviann,1V21,Female,LR,Y,2021-06-09,Piper - 1P318 - LRYF,Bosley - 1B418 - LRBM,2021-08-08,Puppy Raising,Richmond Puppy Raising Region
663,Valentine,6V21,Female,LR,Y,2021-06-09,Piper - 1P318 - LRYF,Bosley - 1B418 - LRBM,2021-08-08,Puppy Raising,Richmond Puppy Raising Region
664,Virgil,7V21,Male,LR,Y,2021-06-09,Piper - 1P318 - LRYF,Bosley - 1B418 - LRBM,2021-08-08,Puppy Raising,Richmond Puppy Raising Region
666,Vancouver,4V21,Male,LR,Y,2021-06-09,Piper - 1P318 - LRYF,Bosley - 1B418 - LRBM,2021-08-08,Puppy Raising,Richmond Puppy Raising Region
667,Van,2V21,Male,LR,Y,2021-06-09,Piper - 1P318 - LRYF,Bosley - 1B418 - LRBM,2021-08-08,Puppy Raising,Richmond Puppy Raising Region
668,Unicorn,1U21,Female,LR,B,2021-06-01,Cora - 4C19 - LRBF,Jensen - 7J409 - LRYM,2021-08-12,Puppy Raising,Bay Puppy Raising Region
670,Umberto,3U21,Male,LR,B,2021-06-01,Cora - 4C19 - LRBF,Jensen - 7J409 - LRYM,2021-07-29,Puppy Raising,Rhode Island Puppy Raising Region
671,Tex,1T21,Male,LR,B,2021-05-30,Ode - 3O317 - LRYF,Arnie - 2A418 - LRBM,2021-08-08,Puppy Raising,Cleveland West Puppy Raising Region
672,Truffle,3T21,Female,LR,B,2021-05-30,Ode - 3O317 - LRYF,Arnie - 2A418 - LRBM,2021-08-02,Puppy Raising,Fingerlakes Puppy Raising Region
673,Tyra,2T21,Female,LR,B,2021-05-30,Ode - 3O317 - LRYF,Arnie - 2A418 - LRBM,2021-07-28,Puppy Raising,Delmarva Puppy Raising Region
674,Theo,4T21,Male,LR,B,2021-05-30,Ode - 3O317 - LRYF,Arnie - 2A418 - LRBM,2021-07-28,Puppy Raising,Bay Puppy Raising Region
675,Timmy,5T21,Male,LR,B,2021-05-30,Ode - 3O317 - LRYF,Arnie - 2A418 - LRBM,2021-07-30,Puppy Raising,SWCT Puppy Raising Region
676,Sugar,1S21,Female,LR,Y,2021-05-26,Brio - S - 6B319 - LRYF,Kisco - 6KK18 - LRYM,2021-07-23,Puppy Raising,Fingerlakes Puppy Raising Region
678,Sammi,2S21,Female,LR,Y,2021-05-26,Brio - S - 6B319 - LRYF,Kisco - 6KK18 - LRYM,2021-07-23,Puppy Raising,Fingerlakes Puppy Raising Region
680,Siggy,3S21,Male,LR,Y,2021-05-26,Brio - S - 6B319 - LRYF,Kisco - 6KK18 - LRYM,2021-07-23,Puppy Raising,Fingerlakes Puppy Raising Region
684,Reagan,8R21,Female,LR,Y,2021-05-21,Lace - 8L18 - LRBF,Joe - 4JJ13 - LRBM,2021-07-16,Puppy Raising,Fingerlakes Puppy Raising Region
686,Rodeo,7R21,Male,LR,Y,2021-05-21,Lace - 8L18 - LRBF,Joe - 4JJ13 - LRBM,2021-07-20,Puppy Raising,Adirondack Puppy Raising Region
687,Rusty,2R21,Female,LR,B,2021-05-21,Lace - 8L18 - LRBF,Joe - 4JJ13 - LRBM,2021-07-16,Puppy Raising,Northern CT Puppy Raising Region
688,Rodrigo,3R21,Male,LR,B,2021-05-21,Lace - 8L18 - LRBF,Joe - 4JJ13 - LRBM,2021-07-16,Puppy Raising,Central CT Puppy Raising Region
689,Reina,4R21,Female,LR,B,2021-05-21,Lace - 8L18 - LRBF,Joe - 4JJ13 - LRBM,2021-07-16,Puppy Raising,Rhode Island Puppy Raising Region
690,Rockford,5R21,Male,LR,B,2021-05-21,Lace - 8L18 - LRBF,Joe - 4JJ13 - LRBM,2021-07-16,Puppy Raising,Central NY Puppy Raising Region
691,Rossi,1R21,Male,LR,B,2021-05-21,Lace - 8L18 - LRBF,Joe - 4JJ13 - LRBM,2021-07-16,Puppy Raising,Wayne County Puppy Raising Region
692,Roman,6R21,Male,LR,B,2021-05-21,Lace - 8L18 - LRBF,Joe - 4JJ13 - LRBM,2021-07-16,Puppy Raising,Southern CT Puppy Raising region
694,Poppy,6P21,Female,LR,B,2021-05-14,Flora - 8FF19 - LRBF,Dasher - 6D418 - LRBM,2021-07-10,Puppy Raising,Columbus Puppy Raising Region
695,Posy,7P21,Female,LR,B,2021-05-14,Flora - 8FF19 - LRBF,Dasher - 6D418 - LRBM,2021-07-10,Puppy Raising,SWCT Puppy Raising Region
696,Peony,3P21,Female,LR,B,2021-05-14,Flora - 8FF19 - LRBF,Dasher - 6D418 - LRBM,2021-07-09,Puppy Raising,Richmond Puppy Raising Region
697,Prince,5P21,Male,LR,B,2021-05-14,Flora - 8FF19 - LRBF,Dasher - 6D418 - LRBM,2021-07-10,Puppy Raising,New Hampshire Puppy Raising Region
699,Orla,2O21,Female,LR,Y,2021-05-12,Capri - 2C17 - LRBF,Octane - P - 5O416 - LRYM,2021-07-10,Puppy Raising,Cleveland West Puppy Raising Region
700,Oliver,5O21,Male,LR,Y,2021-05-12,Capri - 2C17 - LRBF,Octane - P - 5O416 - LRYM,2021-07-07,Puppy Raising,Central CT Puppy Raising Region
701,O'Neil,3O21,Male,LR,Y,2021-05-12,Capri - 2C17 - LRBF,Octane - P - 5O416 - LRYM,2021-07-10,Puppy Raising,SWCT Puppy Raising Region
702,Otis,4O21,Male,LR,B,2021-05-12,Capri - 2C17 - LRBF,Octane - P - 5O416 - LRYM,2021-07-10,Puppy Raising,Cleveland West Puppy Raising Region
703,Nickel,1N21,Male,LR,B,2021-05-09,Tamby - 5TT18 - LRYF,Shadow - 1S19 - LRBM,2021-07-03,Puppy Raising,Eastern CT Puppy Raising Region
704,North,2N21,Male,LR,Y,2021-05-09,Tamby - 5TT18 - LRYF,Shadow - 1S19 - LRBM,2021-07-10,Puppy Raising,Columbus Puppy Raising Region
705,Nancy,3N21,Female,LR,B,2021-05-09,Tamby - 5TT18 - LRYF,Shadow - 1S19 - LRBM,2021-07-10,Puppy Raising,Cleveland East Puppy Raising Region
706,Nicole,4N21,Female,LR,B,2021-05-09,Tamby - 5TT18 - LRYF,Shadow - 1S19 - LRBM,2021-07-03,Puppy Raising,Eastern CT Puppy Raising Region
707,Nellie,5N21,Female,LR,B,2021-05-09,Tamby - 5TT18 - LRYF,Shadow - 1S19 - LRBM,2021-07-09,Puppy Raising,Richmond Puppy Raising Region
709,Mary,2M21,Female,LR,B,2021-05-06,Dior - 5D418 - LRBF,Yarmouth - 2YY18 - LRYM,2021-07-01,Puppy Raising,Catoctin Puppy Raising Region
710,Major,3M21,Male,LR,B,2021-05-06,Dior - 5D418 - LRBF,Yarmouth - 2YY18 - LRYM,2021-07-09,Puppy Raising,Richmond Puppy Raising Region
711,Mabel,4M21,Female,LR,B,2021-05-06,Dior - 5D418 - LRBF,Yarmouth - 2YY18 - LRYM,2021-07-09,Puppy Raising,Richmond Puppy Raising Region
712,Meg,5M21,Female,LR,B,2021-05-06,Dior - 5D418 - LRBF,Yarmouth - 2YY18 - LRYM,2021-07-01,Puppy Raising,Montgomery Puppy Raising Region
720,Lucy,1L21,Female,LR,Y,2021-04-15,Helen - 3HH19 - LRYF,Barlow - P - 5B08 - LRYM,2021-06-16,Puppy Raising,Montgomery Puppy Raising Region
721,Loki,2L21,Male,LR,Y,2021-04-15,Helen - 3HH19 - LRYF,Barlow - P - 5B08 - LRYM,2021-06-16,Puppy Raising,Montgomery Puppy Raising Region
723,Laredo,5L21,Male,LR,Y,2021-04-15,Helen - 3HH19 - LRYF,Barlow - P - 5B08 - LRYM,2021-06-16,Puppy Raising,Prince William Puppy Raising Region
724,Lindsey,4L21,Female,LR,Y,2021-04-15,Helen - 3HH19 - LRYF,Barlow - P - 5B08 - LRYM,2021-06-17,Puppy Raising,Northern CT Puppy Raising Region
725,Lorraine,6L21,Female,LR,Y,2021-04-15,Helen - 3HH19 - LRYF,Barlow - P - 5B08 - LRYM,2021-06-16,Puppy Raising,Richmond Puppy Raising Region
727,Kaya,1K21,Female,LR,B,2021-04-14,Oriole - 9O316 - LRYF,Arby - 5A319 - LRBM,2021-06-10,Puppy Raising,Northern NJ Puppy Raising Region
728,Kevin,2K21,Male,LR,Y,2021-04-14,Oriole - 9O316 - LRYF,Arby - 5A319 - LRBM,2021-06-16,Puppy Raising,Columbus Puppy Raising Region
729,Joey,6J21,Male,LR,B,2021-04-14,Gianna - 1G19 - LRBF,Elrod - 6E319 - LRBM,2021-06-16,Puppy Raising,Prince William Puppy Raising Region
730,Kenneth,3K21,Male,LR,B,2021-04-14,Oriole - 9O316 - LRYF,Arby - 5A319 - LRBM,2021-06-16,Puppy Raising,Montgomery Puppy Raising Region
732,Jacob,1J21,Male,LR,B,2021-04-14,Gianna - 1G19 - LRBF,Elrod - 6E319 - LRBM,2021-06-10,Puppy Raising,Dutchess NY Puppy Raising Region
733,Jax,2J21,Male,LR,B,2021-04-14,Gianna - 1G19 - LRBF,Elrod - 6E319 - LRBM,2021-06-11,Puppy Raising,Central CT Puppy Raising Region
736,Jennifer,5J21,Female,LR,B,2021-04-14,Gianna - 1G19 - LRBF,Elrod - 6E319 - LRBM,2021-06-10,Puppy Raising,Eastern MA Puppy Raising Region
738,Ivan,3I21,Male,LR,B,2021-04-09,Via - 6VV18 - LRBF,Arnie - 2A418 - LRBM,2021-06-16,Puppy Raising,Colorado Puppy Raising Region
739,Imari,7I21,Female,LR,B,2021-04-09,Via - 6VV18 - LRBF,Arnie - 2A418 - LRBM,2021-06-16,Puppy Raising,Catoctin Puppy Raising Region
740,Iroquois,4I21,Male,LR,B,2021-04-09,Via - 6VV18 - LRBF,Arnie - 2A418 - LRBM,2021-06-10,Puppy Raising,Erie NY Puppy Raising Region
742,Ida,6I21,Female,LR,B,2021-04-09,Via - 6VV18 - LRBF,Arnie - 2A418 - LRBM,2021-06-16,Puppy Raising,Catoctin Puppy Raising Region
743,Hickory,1H21,Male,LR,Y,2021-04-08,Onyx - 3O417 - LRBF,Shadow - 1S19 - LRBM,2021-06-05,Puppy Raising,New Hampshire Puppy Raising Region
744,Hannah,4H21,Female,LR,B,2021-04-08,Onyx - 3O417 - LRBF,Shadow - 1S19 - LRBM,2021-06-06,Puppy Raising,Columbus Puppy Raising Region
752,Flash,6F21,Male,GS,B&T,2021-03-31,Jazz GDA - 1X20 - GSB&TF,Eric - 2E19 - GSB&TM,2021-05-27,Puppy Raising,Baltimore Puppy Raising Region
754,Grayson,1G21,Male,LR,B,2021-03-31,Fortune - 4F318 - LRYF,Dasher - 6D418 - LRBM,2021-06-10,Puppy Raising,Central NY Puppy Raising Region
755,Gibbs,2G21,Male,LR,B,2021-03-31,Fortune - 4F318 - LRYF,Dasher - 6D418 - LRBM,2021-06-05,Puppy Raising,Colorado Puppy Raising Region
756,Gatsby,3G21,Male,LR,B,2021-03-31,Fortune - 4F318 - LRYF,Dasher - 6D418 - LRBM,2021-06-05,Puppy Raising,New Hampshire Puppy Raising Region
759,Gideon,4G21,Male,LR,B,2021-03-31,Fortune - 4F318 - LRYF,Dasher - 6D418 - LRBM,2021-06-05,Puppy Raising,Baltimore Puppy Raising Region
762,Grover,9G21,Male,LR,B,2021-03-31,Fortune - 4F318 - LRYF,Dasher - 6D418 - LRBM,2021-06-05,Puppy Raising,Richmond Puppy Raising Region
